replicate,method,new_definition_accuracy,new_definition_log_loss
0,PLA-BN (TAN),0.6515,0.706234167147721
0,PLA-BN (Naive Bayes),0.58775,0.96228298604076
0,Representative-label TAN,0.527,0.9316453315368451
0,Oracle-label TAN,0.6615,0.6995989963173924
0,Operator-aware logistic EM,0.666,0.7035972620391138
0,Independent-threshold logistic,0.6595,0.7084425022286767
1,PLA-BN (TAN),0.6815,0.6823227483153705
1,PLA-BN (Naive Bayes),0.523,1.989153629052816
1,Representative-label TAN,0.5445,0.9053881888713704
1,Oracle-label TAN,0.68175,0.6739598093412817
1,Operator-aware logistic EM,0.682,0.6830517801599133
1,Independent-threshold logistic,0.6765,0.6838303331541038
2,PLA-BN (TAN),0.6505,0.7120193586135122
2,PLA-BN (Naive Bayes),0.587,0.9680391722498491
2,Representative-label TAN,0.5315,0.912343549068606
2,Oracle-label TAN,0.65625,0.7065645153884936
2,Operator-aware logistic EM,0.65175,0.7145538025997689
2,Independent-threshold logistic,0.65425,0.7210608636498299
3,PLA-BN (TAN),0.65575,0.6956287935777786
3,PLA-BN (Naive Bayes),0.48425,2.0659254944602994
3,Representative-label TAN,0.53725,0.905636789349694
3,Oracle-label TAN,0.66175,0.6856550544637128
3,Operator-aware logistic EM,0.6565,0.6900530199684697
3,Independent-threshold logistic,0.6575,0.6941947719617517
4,PLA-BN (TAN),0.66675,0.7004252884615817
4,PLA-BN (Naive Bayes),0.50175,2.075518077090953
4,Representative-label TAN,0.55,0.9169627187899574
4,Oracle-label TAN,0.66675,0.6968089026985269
4,Operator-aware logistic EM,0.66775,0.6995064417009579
4,Independent-threshold logistic,0.66825,0.7028928159209016
5,PLA-BN (TAN),0.6545,0.709375932895968
5,PLA-BN (Naive Bayes),0.596,0.9554864377478818
5,Representative-label TAN,0.51775,0.940397770946374
5,Oracle-label TAN,0.6535,0.705840551419169
5,Operator-aware logistic EM,0.65225,0.7066974508677493
5,Independent-threshold logistic,0.65675,0.71003239578615
6,PLA-BN (TAN),0.66625,0.6930390398144033
6,PLA-BN (Naive Bayes),0.596,0.94157652173382
6,Representative-label TAN,0.5345,0.9054684047494982
6,Oracle-label TAN,0.67125,0.6881933994459233
6,Operator-aware logistic EM,0.67,0.6915441547547304
6,Independent-threshold logistic,0.67125,0.6938318351604595
7,PLA-BN (TAN),0.66425,0.6978957149503723
7,PLA-BN (Naive Bayes),0.531,2.027214744390212
7,Representative-label TAN,0.52975,0.9091052549865728
7,Oracle-label TAN,0.66325,0.6908308435977187
7,Operator-aware logistic EM,0.663,0.6942790323578931
7,Independent-threshold logistic,0.6655,0.6969499731810924
8,PLA-BN (TAN),0.66625,0.7013493210303857
8,PLA-BN (Naive Bayes),0.5105,2.204995445714411
8,Representative-label TAN,0.53475,0.8972739734034756
8,Oracle-label TAN,0.66625,0.6968877005515263
8,Operator-aware logistic EM,0.67025,0.7000564810864806
8,Independent-threshold logistic,0.668,0.7020151063021348
9,PLA-BN (TAN),0.6755,0.6807436051136965
9,PLA-BN (Naive Bayes),0.60125,0.9316069263329833
9,Representative-label TAN,0.55325,0.8843120428490263
9,Oracle-label TAN,0.6735,0.6767628087961602
9,Operator-aware logistic EM,0.6795,0.6802648248518639
9,Independent-threshold logistic,0.679,0.6813106489562176
10,PLA-BN (TAN),0.6525,0.702921283415331
10,PLA-BN (Naive Bayes),0.574,0.9895908066095804
10,Representative-label TAN,0.533,0.9027259468481252
10,Oracle-label TAN,0.65275,0.6995907218717881
10,Operator-aware logistic EM,0.6565,0.6973522729382587
10,Independent-threshold logistic,0.657,0.7011583044210953
11,PLA-BN (TAN),0.67425,0.6895637230283466
11,PLA-BN (Naive Bayes),0.58825,0.9266061910459824
11,Representative-label TAN,0.55125,0.9204134378673708
11,Oracle-label TAN,0.674,0.688141825171779
11,Operator-aware logistic EM,0.67225,0.6903550114272499
11,Independent-threshold logistic,0.67,0.6923652351788999
12,PLA-BN (TAN),0.66475,0.7003684781589186
12,PLA-BN (Naive Bayes),0.592,0.9456764226556638
12,Representative-label TAN,0.53925,0.9106147624067266
12,Oracle-label TAN,0.66125,0.6978223427427704
12,Operator-aware logistic EM,0.66475,0.6964938086727502
12,Independent-threshold logistic,0.66375,0.7003481109910488
13,PLA-BN (TAN),0.657,0.7054241119539434
13,PLA-BN (Naive Bayes),0.5145,1.9898071278340064
13,Representative-label TAN,0.52425,0.9057234322311312
13,Oracle-label TAN,0.66925,0.6965225734922483
13,Operator-aware logistic EM,0.66425,0.7023588837336118
13,Independent-threshold logistic,0.67175,0.703523576026158
14,PLA-BN (TAN),0.66125,0.7074454849472541
14,PLA-BN (Naive Bayes),0.59425,0.9656294141261168
14,Representative-label TAN,0.53475,0.9149925815920285
14,Oracle-label TAN,0.65975,0.7068940254418826
14,Operator-aware logistic EM,0.65825,0.7054435060256583
14,Independent-threshold logistic,0.6565,0.7103504893857632
15,PLA-BN (TAN),0.657,0.6953557683799816
15,PLA-BN (Naive Bayes),0.559,0.9608651765397472
15,Representative-label TAN,0.54,0.9143655541056672
15,Oracle-label TAN,0.65825,0.6941557115734627
15,Operator-aware logistic EM,0.65625,0.6936166102397037
15,Independent-threshold logistic,0.654,0.6978611407120717
16,PLA-BN (TAN),0.64875,0.702254898146492
16,PLA-BN (Naive Bayes),0.585,0.9765335578326771
16,Representative-label TAN,0.53825,0.9045357206998832
16,Oracle-label TAN,0.65575,0.6957015664939867
16,Operator-aware logistic EM,0.64875,0.6998548488131878
16,Independent-threshold logistic,0.651,0.7041512287703708
17,PLA-BN (TAN),0.6635,0.703194526935227
17,PLA-BN (Naive Bayes),0.58425,0.9851752669886472
17,Representative-label TAN,0.53425,0.9275607483990224
17,Oracle-label TAN,0.66425,0.6989688227448577
17,Operator-aware logistic EM,0.66425,0.7009757526765988
17,Independent-threshold logistic,0.66575,0.7036216354111129
18,PLA-BN (TAN),0.6615,0.6884321064562571
18,PLA-BN (Naive Bayes),0.57225,0.9495662973718504
18,Representative-label TAN,0.545,0.881078223517057
18,Oracle-label TAN,0.663,0.6844261143992533
18,Operator-aware logistic EM,0.65575,0.6865984274376017
18,Independent-threshold logistic,0.6675,0.6914102365016731
19,PLA-BN (TAN),0.65375,0.6990941084886676
19,PLA-BN (Naive Bayes),0.58825,0.954644383881183
19,Representative-label TAN,0.54475,0.9191187443064026
19,Oracle-label TAN,0.65275,0.6925647412841188
19,Operator-aware logistic EM,0.6535,0.6977333294790276
19,Independent-threshold logistic,0.654,0.700261664036691
20,PLA-BN (TAN),0.67875,0.6816253815331017
20,PLA-BN (Naive Bayes),0.51775,2.0869020819939745
20,Representative-label TAN,0.55825,0.8982552733959412
20,Oracle-label TAN,0.6805,0.6772225161356109
20,Operator-aware logistic EM,0.679,0.682809505056942
20,Independent-threshold logistic,0.67925,0.6849049119175935
21,PLA-BN (TAN),0.65225,0.7108455976531513
21,PLA-BN (Naive Bayes),0.5545,0.9745826915353456
21,Representative-label TAN,0.51925,0.9507615989632232
21,Oracle-label TAN,0.65725,0.7082942934983509
21,Operator-aware logistic EM,0.6585,0.7079108001264931
21,Independent-threshold logistic,0.65575,0.7108688355500039
22,PLA-BN (TAN),0.65975,0.7127368059781231
22,PLA-BN (Naive Bayes),0.5485,1.0004280201499662
22,Representative-label TAN,0.5465,0.8921138153983543
22,Oracle-label TAN,0.664,0.7059505717402286
22,Operator-aware logistic EM,0.66025,0.704041500732734
22,Independent-threshold logistic,0.6585,0.7081326963310454
23,PLA-BN (TAN),0.65575,0.696658292433563
23,PLA-BN (Naive Bayes),0.50525,2.055722887098026
23,Representative-label TAN,0.53725,0.9236350692797408
23,Oracle-label TAN,0.666,0.6925919623652778
23,Operator-aware logistic EM,0.6625,0.6997045047832139
23,Independent-threshold logistic,0.66725,0.7041681902137792
24,PLA-BN (TAN),0.6705,0.6937893797940264
24,PLA-BN (Naive Bayes),0.576,0.9578260234508126
24,Representative-label TAN,0.52925,0.9069192597798252
24,Oracle-label TAN,0.6645,0.6907796660312553
24,Operator-aware logistic EM,0.674,0.6916882233393885
24,Independent-threshold logistic,0.666,0.6966409389604571
25,PLA-BN (TAN),0.653,0.7169781656699585
25,PLA-BN (Naive Bayes),0.52925,1.957166955313135
25,Representative-label TAN,0.53525,0.921154559194888
25,Oracle-label TAN,0.65525,0.7047005821509751
25,Operator-aware logistic EM,0.6545,0.7101337804541874
25,Independent-threshold logistic,0.65625,0.7129930921714833
26,PLA-BN (TAN),0.66525,0.6955544334280732
26,PLA-BN (Naive Bayes),0.5235,2.0917905981053786
26,Representative-label TAN,0.54625,0.9023061932095232
26,Oracle-label TAN,0.6655,0.687748502264501
26,Operator-aware logistic EM,0.66425,0.6943945577815649
26,Independent-threshold logistic,0.6665,0.6995933657112671
27,PLA-BN (TAN),0.647,0.7059676473555653
27,PLA-BN (Naive Bayes),0.5225,2.023565023265564
27,Representative-label TAN,0.53625,0.8940449279149375
27,Oracle-label TAN,0.65575,0.6972390876863418
27,Operator-aware logistic EM,0.651,0.7063202158284453
27,Independent-threshold logistic,0.647,0.7110296427475084
28,PLA-BN (TAN),0.66475,0.697962848118812
28,PLA-BN (Naive Bayes),0.50625,1.975201875891802
28,Representative-label TAN,0.53225,0.9071177125458126
28,Oracle-label TAN,0.66325,0.6941498749109073
28,Operator-aware logistic EM,0.66525,0.6955753994482905
28,Independent-threshold logistic,0.66475,0.7003854852169379
29,PLA-BN (TAN),0.66725,0.7053516000526974
29,PLA-BN (Naive Bayes),0.5915,0.969663377350405
29,Representative-label TAN,0.51825,0.9239646965556
29,Oracle-label TAN,0.662,0.6985083478611176
29,Operator-aware logistic EM,0.66,0.7011374353955784
29,Independent-threshold logistic,0.658,0.7074903236401828
