replicate,method,canonical_accuracy,canonical_macro_f1,canonical_log_loss,canonical_ece
0,PLA-BN (TAN),0.534,0.5096785050309323,0.9977100452777888,0.0259250032828836
0,PLA-BN (Naive Bayes),0.457,0.4440258605612127,2.390185541871596,0.2830702730028914
0,Representative-label TAN,0.368,0.3161356826552391,1.227601593067283,0.2040631306100335
0,Oracle-label TAN,0.53475,0.5182335556674682,0.9875321514285142,0.0145328954005627
0,Operator-aware logistic EM,0.531,0.5067208365184147,0.9948144152939375,0.0294267519245327
0,Independent-threshold logistic,0.53275,0.5185402093943228,1.0014292738936763,0.0299188676870254
1,PLA-BN (TAN),0.5395,0.5317738445263793,0.98969215632372,0.0246965114504097
1,PLA-BN (Naive Bayes),0.4355,0.4073850880597861,2.7504533440785104,0.2889351493824598
1,Representative-label TAN,0.3655,0.3000565282656007,1.2180952583803173,0.2061063696711463
1,Oracle-label TAN,0.54975,0.538501951519907,0.97961800897518,0.0199751705631779
1,Operator-aware logistic EM,0.538,0.5254624799623939,0.988613219936527,0.0350702821709471
1,Independent-threshold logistic,0.543,0.5356363331891818,0.9895760929002876,0.0178131902401976
2,PLA-BN (TAN),0.51675,0.4898490597810639,1.031927746506833,0.0395895963863453
2,PLA-BN (Naive Bayes),0.45,0.4370206184391916,2.4946798724021013,0.2932929150421454
2,Representative-label TAN,0.382,0.3288216128131405,1.2250840114860446,0.1813572923847417
2,Oracle-label TAN,0.528,0.5111608904306351,1.012514938907917,0.0184377425394798
2,Operator-aware logistic EM,0.52025,0.4912248540934056,1.0292325682571968,0.0226032346283129
2,Independent-threshold logistic,0.52175,0.4974741685599066,1.042792246452844,0.0419168907925199
3,PLA-BN (TAN),0.51525,0.4948016027439115,1.0043979729607608,0.0322253635526559
3,PLA-BN (Naive Bayes),0.39675,0.3733352482926084,2.743704994104541,0.3185224047883029
3,Representative-label TAN,0.37525,0.3217652411531326,1.2200656386939828,0.1893843238282197
3,Oracle-label TAN,0.52225,0.5034223829759499,0.9911965264378708,0.0198988523832794
3,Operator-aware logistic EM,0.516,0.4937825010317035,0.9965977975289968,0.0329615449896613
3,Independent-threshold logistic,0.5115,0.4924194616467421,1.0011576781860296,0.0409896264599038
4,PLA-BN (TAN),0.52875,0.5191263921089705,1.008359557354639,0.0234300433920091
4,PLA-BN (Naive Bayes),0.41075,0.3878899706392676,2.853075901902302,0.305655333716334
4,Representative-label TAN,0.37825,0.3181307481367472,1.2310088058226394,0.1910749860417182
4,Oracle-label TAN,0.53025,0.518414656096286,1.0021643367014517,0.0176687727142389
4,Operator-aware logistic EM,0.53225,0.5185251608739979,1.0063241696821692,0.0212384624500552
4,Independent-threshold logistic,0.53325,0.5308714130328538,1.0119508530666246,0.0257000607423694
5,PLA-BN (TAN),0.52825,0.5035058019050456,1.00476061135863,0.0342979669469062
5,PLA-BN (Naive Bayes),0.45825,0.4449850102458895,2.5725183724470573,0.2862899983619808
5,Representative-label TAN,0.36775,0.3073327966756231,1.228661394942106,0.2062518709655363
5,Oracle-label TAN,0.53575,0.5074886732436836,0.9902688697755092,0.0192767723584669
5,Operator-aware logistic EM,0.52975,0.5005633504171778,1.0037228540267022,0.0276588078966941
5,Independent-threshold logistic,0.526,0.5111351136707879,1.0107296441602058,0.0317869598195406
6,PLA-BN (TAN),0.53375,0.5066053761260187,0.9947643236779536,0.0246770536148649
6,PLA-BN (Naive Bayes),0.46225,0.4465091451264365,2.2947609335921206,0.2820822515942232
6,Representative-label TAN,0.3745,0.329564961047461,1.2128346887019543,0.1900339682275172
6,Oracle-label TAN,0.54375,0.5198574252004581,0.986321668020578,0.023919567771348
6,Operator-aware logistic EM,0.53675,0.5162141098918174,0.9916859462669122,0.0266284295885151
6,Independent-threshold logistic,0.536,0.5207703201582046,0.9941148997795726,0.0272492562904113
7,PLA-BN (TAN),0.53075,0.5082721013504008,1.0033234813627818,0.0227979048763589
7,PLA-BN (Naive Bayes),0.441,0.4130356648648821,2.840058350148781,0.29520330449219
7,Representative-label TAN,0.3755,0.3230119953810715,1.220731578573257,0.1983996661917714
7,Oracle-label TAN,0.5365,0.5137877682377903,0.9912878971287926,0.0097371602901855
7,Operator-aware logistic EM,0.5345,0.5057926470908631,0.9965906331882052,0.0229694812371944
7,Independent-threshold logistic,0.53325,0.5131703480794949,0.9993690888673872,0.0263993045971701
8,PLA-BN (TAN),0.53575,0.5124645238883638,1.0041077750573462,0.0286730699552581
8,PLA-BN (Naive Bayes),0.4185,0.3914084403577678,3.142326709166372,0.3104780549571747
8,Representative-label TAN,0.372,0.3041456056486535,1.2077548407319647,0.1886274501929548
8,Oracle-label TAN,0.544,0.5239844752919094,0.9961491332432554,0.011432206329767
8,Operator-aware logistic EM,0.5405,0.5198679609403727,1.000785689881689,0.0231048523845619
8,Independent-threshold logistic,0.544,0.5275217065394017,1.0020923643863855,0.0226187032397626
9,PLA-BN (TAN),0.5355,0.5194205775543135,0.9822589538327604,0.0231401013743279
9,PLA-BN (Naive Bayes),0.46625,0.4534972767793703,2.281530346323541,0.2694132782424479
9,Representative-label TAN,0.39175,0.3429226390003993,1.1870983305577765,0.1719994154556971
9,Oracle-label TAN,0.5465,0.5318827062401132,0.9742918695002049,0.0214214696744004
9,Operator-aware logistic EM,0.53675,0.5140472974126957,0.979338083107217,0.0151275733902619
9,Independent-threshold logistic,0.54275,0.5316545598085458,0.9807080985650608,0.0215365019880971
10,PLA-BN (TAN),0.5155,0.4931851508587378,1.0178092283934397,0.0444195786170202
10,PLA-BN (Naive Bayes),0.4375,0.4202933920973716,2.3524416024033723,0.3036536002216801
10,Representative-label TAN,0.38425,0.3317220578368413,1.212403940276874,0.1843884144311968
10,Oracle-label TAN,0.51925,0.4959715713946189,1.003428279632566,0.0375613624296814
10,Operator-aware logistic EM,0.528,0.4985708456310775,1.0006004745912895,0.0293291854803264
10,Independent-threshold logistic,0.529,0.5029786258719019,1.0045238812069592,0.034034078751566
11,PLA-BN (TAN),0.54875,0.5375612050209742,0.9864099607227664,0.0097670786092996
11,PLA-BN (Naive Bayes),0.44425,0.4249232046190082,2.3159144677532333,0.2681620531811539
11,Representative-label TAN,0.389,0.3452442464891363,1.2258376710214764,0.1840424925870034
11,Oracle-label TAN,0.54725,0.5315061978263687,0.9857242821264172,0.0179781633411506
11,Operator-aware logistic EM,0.5375,0.5235365087166227,0.9883103958708914,0.0128968800386221
11,Independent-threshold logistic,0.53525,0.5287804419563485,0.9900534729160844,0.0166406174805719
12,PLA-BN (TAN),0.521,0.5094823607053227,1.0091223744252722,0.0229586485630678
12,PLA-BN (Naive Bayes),0.44275,0.4348896229583399,2.3412935954571625,0.2898163963554169
12,Representative-label TAN,0.37525,0.3137618127737478,1.2225145427638344,0.1925638835326149
12,Oracle-label TAN,0.52875,0.5135614319668342,0.998914966721979,0.0153412020786068
12,Operator-aware logistic EM,0.528,0.5174972687217321,0.9980567560688433,0.0133086354452455
12,Independent-threshold logistic,0.5235,0.5147547591677794,1.0025877359989233,0.0165770429031708
13,PLA-BN (TAN),0.5275,0.4972815658892352,1.0026146975951045,0.0237900938857956
13,PLA-BN (Naive Bayes),0.42925,0.3983897738190169,2.912050155306635,0.3047342218286729
13,Representative-label TAN,0.3745,0.3102425062996395,1.2033566398703028,0.1963469470525287
13,Oracle-label TAN,0.5385,0.5124566656823482,0.9870660115670508,0.0137626965375936
13,Operator-aware logistic EM,0.5285,0.5000272514007889,0.993338580336794,0.0221669113734639
13,Independent-threshold logistic,0.535,0.5108430639440483,0.9960719938021336,0.0144829221733067
14,PLA-BN (TAN),0.51725,0.4950806759165012,1.0038619632070536,0.0330471788027346
14,PLA-BN (Naive Bayes),0.453,0.4395779501966989,2.28829212679117,0.2932171671230543
14,Representative-label TAN,0.3755,0.3102333559601742,1.2101095274661544,0.1908994648340971
14,Oracle-label TAN,0.52275,0.5031262815509014,0.9985847820178538,0.0198375527500744
14,Operator-aware logistic EM,0.52875,0.5041330474618667,0.9992863919607666,0.0233639432400163
14,Independent-threshold logistic,0.53,0.5160153427529416,1.0049617349671134,0.0286913960197775
15,PLA-BN (TAN),0.526,0.5102578682279783,0.9972618236257028,0.0337006584708865
15,PLA-BN (Naive Bayes),0.42775,0.4129477066215615,2.1356119629749384,0.3117253865304827
15,Representative-label TAN,0.382,0.3382915352302726,1.214821882551168,0.2005827039218078
15,Oracle-label TAN,0.52475,0.508922742828839,0.9878018117411872,0.0244779896087697
15,Operator-aware logistic EM,0.52275,0.508272456668906,0.993509753082754,0.0235850667586042
15,Independent-threshold logistic,0.52825,0.5130987637287701,0.9977836395544152,0.0305782395611146
16,PLA-BN (TAN),0.52225,0.5009296448210472,1.0076029627002203,0.0459749415682971
16,PLA-BN (Naive Bayes),0.4565,0.4429219974736088,2.355100468622028,0.2828993837698765
16,Representative-label TAN,0.3705,0.3022186831395195,1.2073106889607863,0.1915118746832909
16,Oracle-label TAN,0.527,0.5076333392961125,0.9900789922828,0.0142238322451802
16,Operator-aware logistic EM,0.516,0.4986262640103521,0.9993729567797976,0.0249590773385016
16,Independent-threshold logistic,0.51775,0.4982011584174887,1.0040795865582417,0.0357461190465925
17,PLA-BN (TAN),0.52875,0.511517264122568,1.0031685009346405,0.033227669379541
17,PLA-BN (Naive Bayes),0.4515,0.4371787566171057,2.2017931600332368,0.2987173936320492
17,Representative-label TAN,0.3705,0.316635803216193,1.2314341101328632,0.1962582277268721
17,Oracle-label TAN,0.53175,0.5149110025833474,0.9950166699883702,0.0178817696423864
17,Operator-aware logistic EM,0.53375,0.5127017583146988,0.9988710676052326,0.0259882134330863
17,Independent-threshold logistic,0.53275,0.5154248569271679,1.0026218657691863,0.037084256105845
18,PLA-BN (TAN),0.51625,0.4889195219188615,0.9976295246831296,0.0339727519396313
18,PLA-BN (Naive Bayes),0.433,0.4214948763076055,2.315357953981398,0.2978341779010196
18,Representative-label TAN,0.3795,0.3254193661478375,1.1985632249968567,0.1961254654113895
18,Oracle-label TAN,0.5245,0.5029596921815699,0.9904639788882368,0.0199437321831336
18,Operator-aware logistic EM,0.516,0.4822399876893359,0.9953600485201096,0.0408893634064423
18,Independent-threshold logistic,0.51625,0.4855932375318001,1.00235510829128,0.0341975165606534
19,PLA-BN (TAN),0.52475,0.5120320459464075,1.014363850329822,0.035826177484146
19,PLA-BN (Naive Bayes),0.45925,0.447721537508325,2.160860666691556,0.2778821523370235
19,Representative-label TAN,0.381,0.3164558963068182,1.2332559444833189,0.1940869035801736
19,Oracle-label TAN,0.526,0.5064273824514731,0.9993133432638284,0.0220498283522409
19,Operator-aware logistic EM,0.52175,0.5107169157750817,1.0098527994874464,0.0364229829070711
19,Independent-threshold logistic,0.522,0.5154691120333335,1.0136635526471478,0.0370530998430009
20,PLA-BN (TAN),0.51225,0.4995894171058229,0.9994981631825016,0.0396136317375477
20,PLA-BN (Naive Bayes),0.41025,0.37792362005182,3.10750861177466,0.2980970915568653
20,Representative-label TAN,0.38275,0.3334231239903488,1.2103776115295335,0.1850006077825575
20,Oracle-label TAN,0.53675,0.5271679375569966,0.9819452842875768,0.0177420251354056
20,Operator-aware logistic EM,0.51175,0.4935080525650163,0.9947189931300908,0.0304601528035916
20,Independent-threshold logistic,0.51875,0.5103818314269721,0.9962641453398068,0.0363437443159211
21,PLA-BN (TAN),0.523,0.4927231822515949,1.003868316879247,0.0308795120803928
21,PLA-BN (Naive Bayes),0.42925,0.4106457199201063,2.378712792993385,0.2852567508178256
21,Representative-label TAN,0.35525,0.3175950554281855,1.2446466142125634,0.2141999555257746
21,Oracle-label TAN,0.53775,0.5091222188407467,0.9934334301560704,0.0115976312623924
21,Operator-aware logistic EM,0.53775,0.5057448619343611,0.9939477565582772,0.0234616552827377
21,Independent-threshold logistic,0.537,0.5126708433823691,0.9983364203340134,0.0195885965318442
22,PLA-BN (TAN),0.50875,0.4924074543830494,1.0182864112678178,0.048047869714724
22,PLA-BN (Naive Bayes),0.43725,0.4236815372058099,2.377897628570792,0.2754655807091229
22,Representative-label TAN,0.383,0.3174203581199138,1.196013578679051,0.1866979414232515
22,Oracle-label TAN,0.518,0.4976074113338297,1.0041234329974291,0.0299032110011828
22,Operator-aware logistic EM,0.50625,0.488084933312732,1.009535681473594,0.0406183686887633
22,Independent-threshold logistic,0.5095,0.4978739966447759,1.0171234946694208,0.0521242504521437
23,PLA-BN (TAN),0.517,0.4898080906668107,0.9991925662470564,0.040042272145922
23,PLA-BN (Naive Bayes),0.42575,0.3953252691247951,2.739449241288691,0.3020551373972701
23,Representative-label TAN,0.38525,0.3341522025434907,1.217846729833021,0.1787213673109021
23,Oracle-label TAN,0.53925,0.5229345677906797,0.983864738240372,0.0227014666737032
23,Operator-aware logistic EM,0.531,0.5113468997322331,0.992878060632221,0.0256619615204367
23,Independent-threshold logistic,0.536,0.526346763923534,0.996516816396016,0.0257482018435116
24,PLA-BN (TAN),0.52,0.4956303947406227,1.0084185852965086,0.0324873676387549
24,PLA-BN (Naive Bayes),0.44725,0.4328916155595174,2.2220062420704827,0.2831230302636195
24,Representative-label TAN,0.3625,0.3033729821951706,1.2218315133604127,0.2077980081738107
24,Oracle-label TAN,0.53225,0.5108974575111889,0.9961125621646986,0.0101491209888018
24,Operator-aware logistic EM,0.519,0.4920764636394356,1.0053578290742533,0.0227236131717623
24,Independent-threshold logistic,0.52975,0.511290856903064,1.0109310928236173,0.0206722425764294
25,PLA-BN (TAN),0.52325,0.5064842956626382,1.0194097960933457,0.0474314816305603
25,PLA-BN (Naive Bayes),0.4365,0.4085694996581403,2.7744664556520493,0.2991649049887239
25,Representative-label TAN,0.37875,0.3180357511145001,1.2273330679168848,0.1925803262011618
25,Oracle-label TAN,0.5375,0.5186149944733174,1.001096614759346,0.0316042514673114
25,Operator-aware logistic EM,0.53525,0.516457819912861,1.0084999882928896,0.0238434769361349
25,Independent-threshold logistic,0.53075,0.519082347141506,1.0118841794302769,0.0362503789250105
26,PLA-BN (TAN),0.523,0.5132725370653854,0.9976777029703836,0.0287643322876797
26,PLA-BN (Naive Bayes),0.42475,0.4029134108528367,2.9862612339164736,0.3016906295728385
26,Representative-label TAN,0.3755,0.3006373190114824,1.2097462616750887,0.1920485591077964
26,Oracle-label TAN,0.53575,0.5250998452268275,0.9836478383272402,0.0114783043830983
26,Operator-aware logistic EM,0.53275,0.5170183644679628,0.9931730556672888,0.0176685012793858
26,Independent-threshold logistic,0.52675,0.5172282876743342,0.9997728946756512,0.0221142210493223
27,PLA-BN (TAN),0.52025,0.4922199898721697,1.0185319157029744,0.0372243799015342
27,PLA-BN (Naive Bayes),0.42575,0.4032737171228951,2.783866460519328,0.3111690910180479
27,Representative-label TAN,0.37525,0.3127778298647869,1.2066266301672088,0.1826227296510557
27,Oracle-label TAN,0.52425,0.5020245579161494,1.0037134288734486,0.0195505584463779
27,Operator-aware logistic EM,0.51525,0.4785493296361092,1.0152873968732388,0.0235193730126536
27,Independent-threshold logistic,0.5195,0.4934549634762149,1.023409865672133,0.0326100674084745
28,PLA-BN (TAN),0.5265,0.5058812380103872,0.9974480420905124,0.0306183738588146
28,PLA-BN (Naive Bayes),0.4115,0.3971137086317542,2.876165724016779,0.2995269861244363
28,Representative-label TAN,0.37925,0.319070503593236,1.2112634829724156,0.1860243035885156
28,Oracle-label TAN,0.53525,0.5160639797507008,0.9922595568352344,0.0254658993739158
28,Operator-aware logistic EM,0.533,0.5055359458759232,0.9924018050713966,0.0251700195323778
28,Independent-threshold logistic,0.53,0.5107586040028205,0.998537195815052,0.0214309817668152
29,PLA-BN (TAN),0.52825,0.5118458066846173,0.9959566839714596,0.0324282665576429
29,PLA-BN (Naive Bayes),0.45375,0.4413974396979684,2.3748045080738778,0.2927305002147413
29,Representative-label TAN,0.3705,0.3137373065125165,1.2181396458767375,0.2045335659909748
29,Oracle-label TAN,0.544,0.5194662264781023,0.9854870269945948,0.0076847013612947
29,Operator-aware logistic EM,0.53425,0.5168468380796002,0.9912581168074958,0.0276193673900012
29,Independent-threshold logistic,0.53475,0.5228061967457849,0.9988774044031088,0.0417338055151654
