repeat,fold,split_id,evaluation,method,accuracy,balanced_accuracy,macro_f1,log_loss,brier
1,1,R1F1,canonical_bp_severity,GALIATSATOS/PLA-BN TAN,0.5812562313060817,0.4100839649890111,0.4058867432218719,0.9710548414435706,0.5474879467910916
1,1,R1F1,transport_ACC_AHA_130_80,GALIATSATOS/PLA-BN TAN,0.650049850448654,0.6272497932175352,0.6287962261007645,0.6132461492138892,0.4272289750699036
1,1,R1F1,transport_ESC_140_90,GALIATSATOS/PLA-BN TAN,0.7786640079760718,0.5434321358938743,0.5446949992638759,0.4869019955684677,0.3121463932008009
1,1,R1F1,canonical_bp_severity,Operator-aware logistic EM,0.6041874376869392,0.4116756276821388,0.3950737172609713,0.857056395439765,0.5022562865252799
1,1,R1F1,transport_ACC_AHA_130_80,Operator-aware logistic EM,0.6759720837487537,0.6468796526054591,0.6494262948292866,0.5889928220074517,0.4071565521690746
1,1,R1F1,transport_ESC_140_90,Operator-aware logistic EM,0.8015952143569293,0.5184617639188001,0.494031458737341,0.4292784618601722,0.2774274141566737
1,1,R1F1,canonical_bp_severity,Oracle-label logistic,0.5992023928215354,0.4009530738749404,0.3667434715821813,0.8558998527612119,0.5032868430677242
1,1,R1F1,transport_ACC_AHA_130_80,Oracle-label logistic,0.6769690927218345,0.644454094292804,0.646830985915493,0.5916125549581565,0.4086833599949682
1,1,R1F1,transport_ESC_140_90,Oracle-label logistic,0.7966101694915254,0.527127164757305,0.5137362637362637,0.4283359371357321,0.2788140152263466
1,2,R1F2,canonical_bp_severity,GALIATSATOS/PLA-BN TAN,0.5732801595214357,0.3893379389752447,0.3840154247764086,1.0011106741495472,0.5543692803408736
1,2,R1F2,transport_ACC_AHA_130_80,GALIATSATOS/PLA-BN TAN,0.6321036889332003,0.6053246484698098,0.6064671713063532,0.635152966011789,0.447631649386454
1,2,R1F2,transport_ESC_140_90,GALIATSATOS/PLA-BN TAN,0.7976071784646062,0.5471086803556579,0.5470252039520082,0.4787136704919778,0.3026333871275596
1,2,R1F2,canonical_bp_severity,Operator-aware logistic EM,0.5992023928215354,0.3998819804260218,0.384445475639412,0.8616059191393621,0.5039729213502929
1,2,R1F2,transport_ACC_AHA_130_80,Operator-aware logistic EM,0.6689930209371885,0.6361579818031431,0.6381107633455051,0.5941707075162889,0.4109635072288255
1,2,R1F2,transport_ESC_140_90,Operator-aware logistic EM,0.8045862412761715,0.5297223821403442,0.5150573283602707,0.4237030574386092,0.2729395386354856
1,2,R1F2,canonical_bp_severity,Oracle-label logistic,0.5952143569292123,0.395683033144173,0.3632050248972086,0.8575423180242523,0.5044120200918636
1,2,R1F2,transport_ACC_AHA_130_80,Oracle-label logistic,0.6689930209371885,0.6377874276261373,0.6399202408346165,0.5971986000065366,0.4133486504353342
1,2,R1F2,transport_ESC_140_90,Oracle-label logistic,0.8085742771684945,0.522324569820252,0.4978304405874499,0.4238585630304806,0.2739022430712206
1,3,R1F3,canonical_bp_severity,GALIATSATOS/PLA-BN TAN,0.563872255489022,0.3951817603358372,0.3930785854423688,1.1682074877513875,0.5750470485760251
1,3,R1F3,transport_ACC_AHA_130_80,GALIATSATOS/PLA-BN TAN,0.6506986027944112,0.6274751243781094,0.6290616009477069,0.6209167080237848,0.4288301733127008
1,3,R1F3,transport_ESC_140_90,GALIATSATOS/PLA-BN TAN,0.7744510978043913,0.5348379948378668,0.5336694096424247,0.492703121185545,0.3176906307041467
1,3,R1F3,canonical_bp_severity,Operator-aware logistic EM,0.5828343313373253,0.4014845620095142,0.3836343357563531,0.8769482191768755,0.5101382959669694
1,3,R1F3,transport_ACC_AHA_130_80,Operator-aware logistic EM,0.6596806387225549,0.6341542288557214,0.6361132677088626,0.589214817286441,0.4068685374779233
1,3,R1F3,transport_ESC_140_90,Operator-aware logistic EM,0.810379241516966,0.5511698060037019,0.55031179138322,0.4394498803836296,0.2817643550383003
1,3,R1F3,canonical_bp_severity,Oracle-label logistic,0.6077844311377245,0.409401845011335,0.3755507933628868,0.8617850557669461,0.5046782723292723
1,3,R1F3,transport_ACC_AHA_130_80,Oracle-label logistic,0.6626746506986028,0.6341915422885572,0.6362640478399835,0.5903497005025181,0.4073206325565423
1,3,R1F3,transport_ESC_140_90,Oracle-label logistic,0.8053892215568862,0.5322985583173752,0.5193062303954733,0.4327791560990717,0.2808204857745842
1,4,R1F4,canonical_bp_severity,GALIATSATOS/PLA-BN TAN,0.5708582834331337,0.4205369759773905,0.4250674075170368,0.9658569657261022,0.548789554050132
1,4,R1F4,transport_ACC_AHA_130_80,GALIATSATOS/PLA-BN TAN,0.6397205588822356,0.6334950248756219,0.6306528276263459,0.6290132294973464,0.4387844258004101
1,4,R1F4,transport_ESC_140_90,GALIATSATOS/PLA-BN TAN,0.8003992015968064,0.5509072160986825,0.55216676201373,0.4623495162934155,0.2952439160776359
1,4,R1F4,canonical_bp_severity,Operator-aware logistic EM,0.6067864271457086,0.4161032605851258,0.408122659556596,0.8776572313160925,0.5110817397338246
1,4,R1F4,transport_ACC_AHA_130_80,Operator-aware logistic EM,0.6646706586826348,0.6452985074626865,0.6466973370495988,0.5964905595287443,0.4114176185906823
1,4,R1F4,transport_ESC_140_90,Operator-aware logistic EM,0.811377245508982,0.5261437071289956,0.5035742090735367,0.4313902355850381,0.275611641454815
1,4,R1F4,canonical_bp_severity,Oracle-label logistic,0.6137724550898204,0.4115636181834709,0.3785794678888874,0.8614576760806725,0.5046006632157187
1,4,R1F4,transport_ACC_AHA_130_80,Oracle-label logistic,0.6696606786427146,0.6457711442786069,0.647918318731469,0.5952951862874567,0.4106337250890202
1,4,R1F4,transport_ESC_140_90,Oracle-label logistic,0.8053892215568862,0.5224354252995767,0.5001726718084494,0.4263333131250844,0.2739679172622555
1,5,R1F5,canonical_bp_severity,GALIATSATOS/PLA-BN TAN,0.5768463073852296,0.4020073244030157,0.4005725652232795,0.9554515432154534,0.5436368879100876
1,5,R1F5,transport_ACC_AHA_130_80,GALIATSATOS/PLA-BN TAN,0.6217564870259481,0.6033084577114427,0.6038554820134879,0.6397992785470662,0.4454603848449712
1,5,R1F5,transport_ESC_140_90,GALIATSATOS/PLA-BN TAN,0.7944111776447106,0.5412810544585844,0.5387317648741419,0.454901195280203,0.2899333374621313
1,5,R1F5,canonical_bp_severity,Operator-aware logistic EM,0.5768463073852296,0.3777058283957657,0.3619275297243977,0.9062797507356868,0.5322589703430088
1,5,R1F5,transport_ACC_AHA_130_80,Operator-aware logistic EM,0.6287425149700598,0.5980597014925373,0.5987374694271246,0.6254705386504581,0.439399826009406
1,5,R1F5,transport_ESC_140_90,Operator-aware logistic EM,0.8003992015968064,0.5114546840274886,0.4811086254039274,0.4313710366855056,0.2789788237059713
1,5,R1F5,canonical_bp_severity,Oracle-label logistic,0.592814371257485,0.3892206906810125,0.3580985530749808,0.8827112599197191,0.5233877538125723
1,5,R1F5,transport_ACC_AHA_130_80,Oracle-label logistic,0.6227544910179641,0.5914179104477612,0.5917820975439413,0.6235229400894455,0.4376860542565146
1,5,R1F5,transport_ESC_140_90,Oracle-label logistic,0.8033932135728543,0.5133088249421982,0.4825614771824694,0.4263922288579769,0.2776256120509854
2,1,R2F1,canonical_bp_severity,GALIATSATOS/PLA-BN TAN,0.5423728813559322,0.3747648487040782,0.3708043028116769,0.9847544676513492,0.5668289846520962
2,1,R2F1,transport_ACC_AHA_130_80,GALIATSATOS/PLA-BN TAN,0.6231306081754736,0.6051571546732837,0.6056799460835705,0.6506829428416652,0.4584245873130583
2,1,R2F1,transport_ESC_140_90,GALIATSATOS/PLA-BN TAN,0.7916251246261217,0.5279554751315739,0.5175143219486597,0.4839792792848523,0.3108327211221905
2,1,R2F1,canonical_bp_severity,Operator-aware logistic EM,0.5862412761714856,0.4090743298420997,0.4025988791247007,0.894849079114636,0.525174139572008
2,1,R2F1,transport_ACC_AHA_130_80,Operator-aware logistic EM,0.634097706879362,0.6090281224152192,0.6102709885072075,0.6247839841231752,0.437186880728981
2,1,R2F1,transport_ESC_140_90,Operator-aware logistic EM,0.8115653040877367,0.5344385967147937,0.5194570135746607,0.4422854988530721,0.2822297265968777
2,1,R2F1,canonical_bp_severity,Oracle-label logistic,0.5962113659022931,0.4018583556673627,0.3658041156057039,0.8865794603349189,0.5220292656326934
2,1,R2F1,transport_ACC_AHA_130_80,Oracle-label logistic,0.6301096709870389,0.6016211745244003,0.6025762752412922,0.6229498705272648,0.4356038386902948
2,1,R2F1,transport_ESC_140_90,Oracle-label logistic,0.7986041874376869,0.5166076230040906,0.4924292528459195,0.4422928516819741,0.2849752143417468
2,2,R2F2,canonical_bp_severity,GALIATSATOS/PLA-BN TAN,0.5912263210368893,0.420705650135702,0.4197247188229249,0.9542377975582946,0.5270190966153646
2,2,R2F2,transport_ACC_AHA_130_80,GALIATSATOS/PLA-BN TAN,0.6739780658025922,0.6488792390405294,0.651259525791809,0.5965198432152007,0.412042608259793
2,2,R2F2,transport_ESC_140_90,GALIATSATOS/PLA-BN TAN,0.806580259222333,0.5862118595279217,0.5997638676342334,0.4408650894953362,0.2792670757416414
2,2,R2F2,canonical_bp_severity,Operator-aware logistic EM,0.6061814556331007,0.4262233736327001,0.4215105757017015,0.8574269722428919,0.4999790122112353
2,2,R2F2,transport_ACC_AHA_130_80,Operator-aware logistic EM,0.6759720837487537,0.6505459057071961,0.6530132152494292,0.5823015177068985,0.4012300615996252
2,2,R2F2,transport_ESC_140_90,Operator-aware logistic EM,0.8035892323030908,0.5271317085652146,0.5107111107809417,0.4156034791514862,0.2646453651331969
2,2,R2F2,canonical_bp_severity,Oracle-label logistic,0.6151545363908275,0.4207130520602023,0.3902765198719143,0.843585671746019,0.4954817513503886
2,2,R2F2,transport_ACC_AHA_130_80,Oracle-label logistic,0.6729810568295115,0.6447870140612075,0.6472278697103053,0.5857779730918322,0.4032084202657527
2,2,R2F2,transport_ESC_140_90,Oracle-label logistic,0.8075772681954138,0.5296008443676837,0.5131423081469484,0.4104401549220918,0.2644379362337037
2,3,R2F3,canonical_bp_severity,GALIATSATOS/PLA-BN TAN,0.5558882235528942,0.3915122178975465,0.3901920010856857,0.9943809727792148,0.5611584739789914
2,3,R2F3,transport_ACC_AHA_130_80,GALIATSATOS/PLA-BN TAN,0.6297405189620758,0.6132587064676617,0.6135653688905891,0.6478373749652786,0.4529455849704883
2,3,R2F3,transport_ESC_140_90,GALIATSATOS/PLA-BN TAN,0.7894211576846307,0.5322729397900562,0.5259543268422292,0.4715528499146904,0.3006328059475749
2,3,R2F3,canonical_bp_severity,Operator-aware logistic EM,0.5888223552894212,0.393744976352012,0.3765259190095791,0.8721195042063362,0.5124647321592777
2,3,R2F3,transport_ACC_AHA_130_80,Operator-aware logistic EM,0.6686626746506986,0.6445273631840795,0.6466674597240161,0.598562140053124,0.4155136305132311
2,3,R2F3,transport_ESC_140_90,Operator-aware logistic EM,0.8063872255489022,0.5112177126497883,0.4751773815566379,0.4324786562185531,0.2817160280703806
2,3,R2F3,canonical_bp_severity,Oracle-label logistic,0.5948103792415169,0.3912389231832918,0.3608509234786801,0.8629064247874563,0.5088527711387123
2,3,R2F3,transport_ACC_AHA_130_80,Oracle-label logistic,0.6636726546906188,0.6383084577114428,0.6403817337767937,0.5983753611773627,0.4147381847681515
2,3,R2F3,transport_ESC_140_90,Oracle-label logistic,0.7994011976047904,0.5167545168665979,0.492898381772723,0.427230800295134,0.2789774784343901
2,4,R2F4,canonical_bp_severity,GALIATSATOS/PLA-BN TAN,0.5688622754491018,0.394595491318971,0.3861076721848084,0.9800457669535964,0.5486238478126378
2,4,R2F4,transport_ACC_AHA_130_80,GALIATSATOS/PLA-BN TAN,0.6337325349301397,0.6083830845771144,0.6096254470527164,0.6222024151072797,0.4314290214678863
2,4,R2F4,transport_ESC_140_90,GALIATSATOS/PLA-BN TAN,0.779441117764471,0.5418734829028353,0.5426292385002571,0.4745552857638115,0.306330782338952
2,4,R2F4,canonical_bp_severity,Operator-aware logistic EM,0.6037924151696606,0.4097687675776031,0.3893518518518519,0.8643823738425932,0.5039350807010442
2,4,R2F4,transport_ACC_AHA_130_80,Operator-aware logistic EM,0.6606786427145709,0.6267786069651742,0.6282360746757925,0.5933296012517454,0.4104048149613759
2,4,R2F4,transport_ESC_140_90,Operator-aware logistic EM,0.8253493013972056,0.5604405105772494,0.5619261757541689,0.4247750502304142,0.271597861798363
2,4,R2F4,canonical_bp_severity,Oracle-label logistic,0.6017964071856288,0.4011178322631827,0.3704382241691519,0.8596644610309597,0.5053954009576707
2,4,R2F4,transport_ACC_AHA_130_80,Oracle-label logistic,0.6576846307385229,0.6238681592039801,0.6251975236074109,0.5978265750690872,0.4136413722626839
2,4,R2F4,transport_ESC_140_90,Oracle-label logistic,0.8083832335329342,0.5282348194214056,0.5098247044435386,0.4233609024929394,0.2742387448948958
2,5,R2F5,canonical_bp_severity,GALIATSATOS/PLA-BN TAN,0.5748502994011976,0.4135005219911138,0.4162679114513507,0.9334186027460892,0.5387053941820831
2,5,R2F5,transport_ACC_AHA_130_80,GALIATSATOS/PLA-BN TAN,0.6477045908183633,0.6290796019900498,0.630031285203699,0.6160852491410155,0.4302120605331989
2,5,R2F5,transport_ESC_140_90,GALIATSATOS/PLA-BN TAN,0.7924151696606786,0.5400449605154447,0.5373345054476677,0.464318896424186,0.2948612956825637
2,5,R2F5,canonical_bp_severity,Operator-aware logistic EM,0.591816367265469,0.4012510295207323,0.3930940425268117,0.866474212954273,0.5063713536535638
2,5,R2F5,transport_ACC_AHA_130_80,Operator-aware logistic EM,0.6646706586826348,0.6366791044776119,0.6388337016456049,0.5893893950637973,0.4081135148194422
2,5,R2F5,transport_ESC_140_90,Operator-aware logistic EM,0.8083832335329342,0.5341526992320846,0.5212279880944086,0.4347483230938447,0.2796779515034561
2,5,R2F5,canonical_bp_severity,Oracle-label logistic,0.5998003992015968,0.3942811397310988,0.3608330452063095,0.8589670766679793,0.5056075580718836
2,5,R2F5,transport_ACC_AHA_130_80,Oracle-label logistic,0.6596806387225549,0.628818407960199,0.630631224710635,0.5946214182022472,0.4118798397985896
2,5,R2F5,transport_ESC_140_90,Oracle-label logistic,0.8033932135728543,0.5211993313564369,0.4990546716982664,0.4278861483826789,0.2782639320574389
3,1,R3F1,canonical_bp_severity,GALIATSATOS/PLA-BN TAN,0.5653040877367896,0.3940253045923149,0.3924564181303192,0.938999437021072,0.5428064933633324
3,1,R3F1,transport_ACC_AHA_130_80,GALIATSATOS/PLA-BN TAN,0.6311066799601196,0.6081575682382134,0.6092920912995874,0.6288551441946574,0.43714066854319
3,1,R3F1,transport_ESC_140_90,GALIATSATOS/PLA-BN TAN,0.7916251246261217,0.5161998394352197,0.496312937756046,0.4547934942950352,0.2910254012288754
3,1,R3F1,canonical_bp_severity,Operator-aware logistic EM,0.6011964107676969,0.3948944134782441,0.3804488882890027,0.85647604921517,0.5029640708379074
3,1,R3F1,transport_ACC_AHA_130_80,Operator-aware logistic EM,0.6660019940179461,0.6348800661703887,0.6368899220081418,0.5966684190528619,0.4122064898076227
3,1,R3F1,transport_ESC_140_90,Operator-aware logistic EM,0.8085742771684945,0.5090731844073758,0.466843853820598,0.4131996590124866,0.2650429349839312
3,1,R3F1,canonical_bp_severity,Oracle-label logistic,0.6031904287138584,0.3884306987399771,0.3500558160303639,0.8512228293125621,0.5014699123706543
3,1,R3F1,transport_ACC_AHA_130_80,Oracle-label logistic,0.67098703888335,0.6398614557485525,0.6420893960103116,0.5972198159356409,0.4122138706641915
3,1,R3F1,transport_ESC_140_90,Oracle-label logistic,0.8055832502492523,0.5150561339569024,0.4835971431966098,0.4129740134364192,0.2666954385313236
3,2,R3F2,canonical_bp_severity,GALIATSATOS/PLA-BN TAN,0.5772681954137587,0.408853935356526,0.4078947304720864,0.9386383778866806,0.533120546741844
3,2,R3F2,transport_ACC_AHA_130_80,GALIATSATOS/PLA-BN TAN,0.6410767696909272,0.6278970223325062,0.6275713543084882,0.6122593988581958,0.4258195269941728
3,2,R3F2,transport_ESC_140_90,GALIATSATOS/PLA-BN TAN,0.7956131605184447,0.5399539435808867,0.5363904678371803,0.4626206263417075,0.2895405566813382
3,2,R3F2,canonical_bp_severity,Operator-aware logistic EM,0.5702891326021934,0.3834381939304219,0.3603197102134026,0.8762348575192582,0.5162580986983809
3,2,R3F2,transport_ACC_AHA_130_80,Operator-aware logistic EM,0.6590229312063809,0.6327129859387924,0.6346620827156075,0.6083888795725938,0.4229892500997177
3,2,R3F2,transport_ESC_140_90,Operator-aware logistic EM,0.8055832502492523,0.5323130557154737,0.5193680532176059,0.4343901360144012,0.282038068495526
3,2,R3F2,canonical_bp_severity,Oracle-label logistic,0.580259222333001,0.3804601529731063,0.3441972563194437,0.8709489542620282,0.5137046851435948
3,2,R3F2,transport_ACC_AHA_130_80,Oracle-label logistic,0.6550348953140578,0.6265281224152192,0.6282988878035405,0.6080808284592139,0.4227596715541324
3,2,R3F2,transport_ESC_140_90,Oracle-label logistic,0.7946161515453639,0.51368259451161,0.4903153553174274,0.4348271881700212,0.2837194782661597
3,3,R3F3,canonical_bp_severity,GALIATSATOS/PLA-BN TAN,0.5788423153692615,0.4100339914002308,0.4070304606483321,0.970122473350066,0.553141970134312
3,3,R3F3,transport_ACC_AHA_130_80,GALIATSATOS/PLA-BN TAN,0.6417165668662674,0.6216169154228857,0.6226915004421116,0.6329817009536637,0.4396715015147036
3,3,R3F3,transport_ESC_140_90,GALIATSATOS/PLA-BN TAN,0.783433133732535,0.5463182973926743,0.5482125603864734,0.4782439050228259,0.3050134981757418
3,3,R3F3,canonical_bp_severity,Operator-aware logistic EM,0.5898203592814372,0.4058839141345277,0.3941574656381208,0.8750369890241805,0.5151238599714049
3,3,R3F3,transport_ACC_AHA_130_80,Operator-aware logistic EM,0.6427145708582834,0.6183457711442786,0.619798026048026,0.6072654329977093,0.4232123548975325
3,3,R3F3,transport_ESC_140_90,Operator-aware logistic EM,0.8063872255489022,0.5250260988747062,0.5047187117814921,0.4280447850331773,0.2761227940477091
3,3,R3F3,canonical_bp_severity,Oracle-label logistic,0.5968063872255489,0.4110949968735624,0.3826903826903827,0.8668307807356759,0.5113877738393653
3,3,R3F3,transport_ACC_AHA_130_80,Oracle-label logistic,0.6427145708582834,0.6150621890547263,0.6164941840574751,0.6050703865884619,0.4211608295529921
3,3,R3F3,transport_ESC_140_90,Oracle-label logistic,0.8033932135728543,0.5290898377706758,0.5143760378867088,0.4293284730859645,0.2786068998053094
3,4,R3F4,canonical_bp_severity,GALIATSATOS/PLA-BN TAN,0.5518962075848304,0.3835644142543515,0.3822780547275461,0.9670227788851752,0.5562950830929838
3,4,R3F4,transport_ACC_AHA_130_80,GALIATSATOS/PLA-BN TAN,0.6327345309381237,0.6116542288557214,0.6126804058738262,0.6221776423327062,0.4374489105137751
3,4,R3F4,transport_ESC_140_90,GALIATSATOS/PLA-BN TAN,0.8023952095808383,0.5422801770240238,0.5380122950819672,0.4713676110384346,0.2976604982272097
3,4,R3F4,canonical_bp_severity,Operator-aware logistic EM,0.5838323353293413,0.3962961218401633,0.387085796860233,0.8766043512412355,0.512724474574514
3,4,R3F4,transport_ACC_AHA_130_80,Operator-aware logistic EM,0.6487025948103793,0.6237562189054726,0.6253823669363061,0.596034786384556,0.4140368807273645
3,4,R3F4,transport_ESC_140_90,Operator-aware logistic EM,0.8093812375249501,0.5347707462036545,0.5218737118231216,0.4329851807045753,0.2775980813242286
3,4,R3F4,canonical_bp_severity,Oracle-label logistic,0.5968063872255489,0.4019869543540118,0.370076909162792,0.8604884334044481,0.5067790957280737
3,4,R3F4,transport_ACC_AHA_130_80,Oracle-label logistic,0.653692614770459,0.6229975124378109,0.6245866008467192,0.5988123961850322,0.4161815667971891
3,4,R3F4,transport_ESC_140_90,Oracle-label logistic,0.8073852295409182,0.5374799054676341,0.527823558280411,0.4241967615735591,0.2747926183788963
3,5,R3F5,canonical_bp_severity,GALIATSATOS/PLA-BN TAN,0.5788423153692615,0.3946530756157154,0.3901375248894738,0.9918098054455232,0.552261220798713
3,5,R3F5,transport_ACC_AHA_130_80,GALIATSATOS/PLA-BN TAN,0.6427145708582834,0.6183457711442786,0.619798026048026,0.628831549990058,0.4389772559566792
3,5,R3F5,transport_ESC_140_90,GALIATSATOS/PLA-BN TAN,0.7864271457085829,0.5166104126504288,0.500679955290611,0.4754182532913253,0.304822943043823
3,5,R3F5,canonical_bp_severity,Operator-aware logistic EM,0.6137724550898204,0.4169879322265468,0.4107644697812512,0.8663897422590949,0.5046507071205458
3,5,R3F5,transport_ACC_AHA_130_80,Operator-aware logistic EM,0.6786427145708582,0.6508084577114428,0.653482317764718,0.5909769271722805,0.4072339847533159
3,5,R3F5,transport_ESC_140_90,Operator-aware logistic EM,0.8053892215568862,0.5105996656782185,0.4747284120877791,0.4370797413289491,0.2799145404315721
3,5,R3F5,canonical_bp_severity,Oracle-label logistic,0.6117764471057884,0.4079771673649503,0.3757900169217192,0.8628740203329307,0.5042127752885966
3,5,R3F5,transport_ACC_AHA_130_80,Oracle-label logistic,0.6756487025948104,0.6442039800995025,0.6466605543409267,0.5937288180892216,0.4092511315521146
3,5,R3F5,transport_ESC_140_90,Oracle-label logistic,0.8093812375249501,0.5327981196000948,0.5181273180029359,0.4330018743659839,0.2788661754164485
4,1,R4F1,canonical_bp_severity,GALIATSATOS/PLA-BN TAN,0.5792622133599202,0.4109282187035849,0.4105343774203603,1.037693270561866,0.5591932817458379
4,1,R4F1,transport_ACC_AHA_130_80,GALIATSATOS/PLA-BN TAN,0.6620139581256231,0.6372497932175352,0.6392411711343706,0.6347381647196468,0.4410313485910603
4,1,R4F1,transport_ESC_140_90,GALIATSATOS/PLA-BN TAN,0.7846460618145563,0.5334255094108802,0.5289113871203424,0.4696168839466842,0.3030263915642814
4,1,R4F1,canonical_bp_severity,Operator-aware logistic EM,0.5902293120638086,0.3972918550672213,0.380963914410434,0.8786172824196741,0.5146288984738872
4,1,R4F1,transport_ACC_AHA_130_80,Operator-aware logistic EM,0.6470588235294118,0.6182320099255583,0.6197046424348363,0.5974125225399837,0.4167834711586493
4,1,R4F1,transport_ESC_140_90,Operator-aware logistic EM,0.8055832502492523,0.5130968613408433,0.4792357278079095,0.4325547402048582,0.2785882548528639
4,1,R4F1,canonical_bp_severity,Oracle-label logistic,0.6051844466600199,0.4072811128101416,0.3816802664022979,0.8662483652454217,0.5087323219045554
4,1,R4F1,transport_ACC_AHA_130_80,Oracle-label logistic,0.646061814556331,0.6161765922249793,0.6175181242903625,0.598177972315249,0.4163279457891509
4,1,R4F1,transport_ESC_140_90,Oracle-label logistic,0.8095712861415753,0.539080320619831,0.5292271700746806,0.430018266132821,0.2775070659134463
4,2,R4F2,canonical_bp_severity,GALIATSATOS/PLA-BN TAN,0.5782652043868395,0.4089900485237273,0.4075976509533012,1.0193562817445123,0.5509258358365642
4,2,R4F2,transport_ACC_AHA_130_80,GALIATSATOS/PLA-BN TAN,0.6450648055832503,0.6238978494623656,0.6251836984909431,0.6198937309051986,0.4306131913863392
4,2,R4F2,transport_ESC_140_90,GALIATSATOS/PLA-BN TAN,0.7946161515453639,0.5492036077528306,0.5507210451240302,0.4708660632251793,0.3005966750164918
4,2,R4F2,canonical_bp_severity,Operator-aware logistic EM,0.5912263210368893,0.4065408339501604,0.3877961599571771,0.8877438405181324,0.5171307764986591
4,2,R4F2,transport_ACC_AHA_130_80,Operator-aware logistic EM,0.6570289132602194,0.6273800661703888,0.6291509742213968,0.6047594448639463,0.4194372104391206
4,2,R4F2,transport_ESC_140_90,Operator-aware logistic EM,0.8045862412761715,0.5494562783854666,0.5490935447172374,0.4326557406612671,0.2781600155825647
4,2,R4F2,canonical_bp_severity,Oracle-label logistic,0.5982053838484547,0.3964577679085451,0.3610578091806242,0.8636622933587764,0.5085154562645021
4,2,R4F2,transport_ACC_AHA_130_80,Oracle-label logistic,0.6550348953140578,0.6257133995037221,0.6274337613260617,0.6027784380266189,0.4174425718620204
4,2,R4F2,transport_ESC_140_90,Oracle-label logistic,0.7996011964107677,0.5108488453911597,0.4806897244553892,0.425884958397457,0.2760785090349649
4,3,R4F3,canonical_bp_severity,GALIATSATOS/PLA-BN TAN,0.56187624750499,0.4030464723592621,0.4040264782916947,0.985610092288006,0.5514966018348617
4,3,R4F3,transport_ACC_AHA_130_80,GALIATSATOS/PLA-BN TAN,0.6397205588822356,0.6248756218905472,0.6249265089386906,0.634492810589529,0.4432692089881237
4,3,R4F3,transport_ESC_140_90,GALIATSATOS/PLA-BN TAN,0.7914171656686627,0.5433721667509943,0.5426386216566241,0.4552692134547248,0.2939611355520973
4,3,R4F3,canonical_bp_severity,Operator-aware logistic EM,0.5818363273453094,0.3824484826448284,0.3596225433138715,0.8779425776575929,0.5138716303065863
4,3,R4F3,transport_ACC_AHA_130_80,Operator-aware logistic EM,0.6636726546906188,0.6378980099502487,0.6399891252778651,0.5910883503671509,0.409240996917981
4,3,R4F3,transport_ESC_140_90,Operator-aware logistic EM,0.8013972055888223,0.5239084906204167,0.5056807617649902,0.4390230880617536,0.283750835270088
4,3,R4F3,canonical_bp_severity,Oracle-label logistic,0.593812375249501,0.3901729043916118,0.3523136873636699,0.8574957401475328,0.5062016545717043
4,3,R4F3,transport_ACC_AHA_130_80,Oracle-label logistic,0.6636726546906188,0.6354353233830845,0.637550005742543,0.5953427042014429,0.4116844554442991
4,3,R4F3,transport_ESC_140_90,Oracle-label logistic,0.8023952095808383,0.5186086577813075,0.494506726457399,0.4235225056314644,0.276847262543444
4,4,R4F4,canonical_bp_severity,GALIATSATOS/PLA-BN TAN,0.5748502994011976,0.4042970886944162,0.4025635007018732,0.9682748576664822,0.551115507352578
4,4,R4F4,transport_ACC_AHA_130_80,GALIATSATOS/PLA-BN TAN,0.6307385229540918,0.6079353233830846,0.6090510677965386,0.6369925333612296,0.441264151413526
4,4,R4F4,transport_ESC_140_90,GALIATSATOS/PLA-BN TAN,0.7994011976047904,0.5562070489377918,0.5601452772869925,0.4870106444102793,0.2995078965553756
4,4,R4F4,canonical_bp_severity,Operator-aware logistic EM,0.6217564870259481,0.4300299559544173,0.4249031474116831,0.8606655543219842,0.5049214036442631
4,4,R4F4,transport_ACC_AHA_130_80,Operator-aware logistic EM,0.6786427145708582,0.6508084577114428,0.653482317764718,0.5979186734025,0.4115734072400192
4,4,R4F4,transport_ESC_140_90,Operator-aware logistic EM,0.8013972055888223,0.5140453576026182,0.4857947439134146,0.4208607766336796,0.2710344937731643
4,4,R4F4,canonical_bp_severity,Oracle-label logistic,0.6117764471057884,0.4127956273947546,0.3784648357680438,0.8560334214859546,0.502733533790703
4,4,R4F4,transport_ACC_AHA_130_80,Oracle-label logistic,0.6756487025948104,0.6458457711442787,0.6483880267296362,0.5961746041304737,0.4100036882932052
4,4,R4F4,transport_ESC_140_90,Oracle-label logistic,0.8053892215568862,0.5362438115244945,0.5264914223675187,0.4221533878761627,0.2726140977057526
4,5,R4F5,canonical_bp_severity,GALIATSATOS/PLA-BN TAN,0.563872255489022,0.3977893194282613,0.3957918756452627,0.9966426511495357,0.5553275890108396
4,5,R4F5,transport_ACC_AHA_130_80,GALIATSATOS/PLA-BN TAN,0.6427145708582834,0.6208084577114428,0.6221050768608414,0.6364806964214913,0.4464783230623705
4,5,R4F5,transport_ESC_140_90,GALIATSATOS/PLA-BN TAN,0.7964071856287425,0.5444897750052838,0.5432100972540046,0.4683580245496115,0.2997502869638743
4,5,R4F5,canonical_bp_severity,Operator-aware logistic EM,0.5998003992015968,0.4020854027044373,0.3763239015412928,0.8760503750869851,0.5160332378419964
4,5,R4F5,transport_ACC_AHA_130_80,Operator-aware logistic EM,0.6447105788423154,0.6196019900497513,0.6211253483787642,0.6106055833428853,0.4263105285235163
4,5,R4F5,transport_ESC_140_90,Operator-aware logistic EM,0.7974051896207585,0.5115731697163388,0.4837974535774014,0.4349472402685805,0.2816357869368823
4,5,R4F5,canonical_bp_severity,Oracle-label logistic,0.592814371257485,0.392999809934634,0.3581467003508174,0.8714541595268532,0.5130227336119532
4,5,R4F5,transport_ACC_AHA_130_80,Oracle-label logistic,0.6407185628742516,0.6097014925373134,0.6107562154696133,0.6086837218928802,0.4249028373500557
4,5,R4F5,transport_ESC_140_90,Oracle-label logistic,0.8023952095808383,0.5186086577813075,0.494506726457399,0.4350871176619889,0.2812211334442998
5,1,R5F1,canonical_bp_severity,GALIATSATOS/PLA-BN TAN,0.5742771684945165,0.4138932186761813,0.4169171287803766,0.9937044571288826,0.5511813851322352
5,1,R5F1,transport_ACC_AHA_130_80,GALIATSATOS/PLA-BN TAN,0.6560319042871385,0.6334718775847807,0.6351415897571617,0.6279814380178864,0.4370404387984821
5,1,R5F1,transport_ESC_140_90,GALIATSATOS/PLA-BN TAN,0.7976071784646062,0.5395008474252291,0.5346005536088577,0.4609576601520251,0.2921134749617538
5,1,R5F1,canonical_bp_severity,Operator-aware logistic EM,0.5952143569292123,0.4116256981096916,0.4024760711567348,0.8750824823896086,0.5102505999854452
5,1,R5F1,transport_ACC_AHA_130_80,Operator-aware logistic EM,0.6849451645064806,0.6637489660876758,0.6659795465850553,0.5933100460623143,0.4086038866729853
5,1,R5F1,transport_ESC_140_90,Operator-aware logistic EM,0.8055832502492523,0.5366081327335517,0.5265535246145691,0.4335526976277634,0.2800988195907515
5,1,R5F1,canonical_bp_severity,Oracle-label logistic,0.5992023928215354,0.3997904163720767,0.3648902559098939,0.8638838116592698,0.5076594675321883
5,1,R5F1,transport_ACC_AHA_130_80,Oracle-label logistic,0.6729810568295115,0.6492679900744417,0.651502953364802,0.5950884459135406,0.4097568171270276
5,1,R5F1,transport_ESC_140_90,Oracle-label logistic,0.7936191425722832,0.5213544786104775,0.5047835078103198,0.4303485905958947,0.2807757223198382
5,2,R5F2,canonical_bp_severity,GALIATSATOS/PLA-BN TAN,0.5463609172482552,0.3873649148778682,0.3843487136170063,0.9982857484038312,0.5612591475726608
5,2,R5F2,transport_ACC_AHA_130_80,GALIATSATOS/PLA-BN TAN,0.6151545363908275,0.5895285359801489,0.5903089947089948,0.6387714630056696,0.4508695152675289
5,2,R5F2,transport_ESC_140_90,GALIATSATOS/PLA-BN TAN,0.7706879361914257,0.5403089618115525,0.5416706402187043,0.4703230933359664,0.3071558001423462
5,2,R5F2,canonical_bp_severity,Operator-aware logistic EM,0.5982053838484547,0.3995530060037832,0.3707522230233117,0.8694832045626558,0.5092577094973599
5,2,R5F2,transport_ACC_AHA_130_80,Operator-aware logistic EM,0.6620139581256231,0.629102564102564,0.6307153446393953,0.6023720191123498,0.4181964175237769
5,2,R5F2,transport_ESC_140_90,Operator-aware logistic EM,0.8045862412761715,0.5238022132668074,0.5036258231325496,0.4287041102612788,0.2746444233504693
5,2,R5F2,canonical_bp_severity,Oracle-label logistic,0.6011964107676969,0.4013594867999013,0.3693225258417862,0.8621946884672582,0.5071229753011349
5,2,R5F2,transport_ACC_AHA_130_80,Oracle-label logistic,0.6650049850448654,0.6332320099255584,0.6351305703520853,0.6032083541452438,0.4185341682272223
5,2,R5F2,transport_ESC_140_90,Oracle-label logistic,0.8035892323030908,0.5192381500671657,0.4951079971279126,0.4246325442473,0.2733444595518858
5,3,R5F3,canonical_bp_severity,GALIATSATOS/PLA-BN TAN,0.5658682634730539,0.3905857043299094,0.3819778252949757,0.997135241841762,0.5597263592239583
5,3,R5F3,transport_ACC_AHA_130_80,GALIATSATOS/PLA-BN TAN,0.6586826347305389,0.632089552238806,0.6340425713687682,0.6163581718930595,0.4287646572399037
5,3,R5F3,transport_ESC_140_90,GALIATSATOS/PLA-BN TAN,0.7624750499001997,0.5353119375932675,0.5360425210698749,0.4796903060273692,0.3160984632913217
5,3,R5F3,canonical_bp_severity,Operator-aware logistic EM,0.5958083832335329,0.3912656011987891,0.3693466424682395,0.8711225290589972,0.511296480903374
5,3,R5F3,transport_ACC_AHA_130_80,Operator-aware logistic EM,0.6506986027944112,0.6184452736318408,0.6197170269613796,0.5917834533161255,0.4112342297170757
5,3,R5F3,transport_ESC_140_90,Operator-aware logistic EM,0.8053892215568862,0.520462798696017,0.496130527955356,0.4336450133154575,0.2818940920303594
5,3,R5F3,canonical_bp_severity,Oracle-label logistic,0.5968063872255489,0.3917073516732638,0.3548396007353517,0.8610631262617328,0.50802890326953
5,3,R5F3,transport_ACC_AHA_130_80,Oracle-label logistic,0.656686626746507,0.6246766169154229,0.6262361636420417,0.5942594462753596,0.4127948034704893
5,3,R5F3,transport_ESC_140_90,Oracle-label logistic,0.8063872255489022,0.5191082190640272,0.4925390278285386,0.4300992719397739,0.2810891638011047
5,4,R5F4,canonical_bp_severity,GALIATSATOS/PLA-BN TAN,0.5838323353293413,0.4118862334829065,0.4124094929914217,0.9573171392889884,0.545172185048326
5,4,R5F4,transport_ACC_AHA_130_80,GALIATSATOS/PLA-BN TAN,0.6457085828343313,0.6220771144278607,0.6235693763195073,0.6357945850722178,0.4444463845273267
5,4,R5F4,transport_ESC_140_90,GALIATSATOS/PLA-BN TAN,0.8003992015968064,0.5430167096844438,0.5398265853479315,0.4607860355930009,0.2897161811552239
5,4,R5F4,canonical_bp_severity,Operator-aware logistic EM,0.5878243512974052,0.3916396167841491,0.3677238059846755,0.8665463449846136,0.5115319806876779
5,4,R5F4,transport_ACC_AHA_130_80,Operator-aware logistic EM,0.6447105788423154,0.6113930348258707,0.6122291021671826,0.6056863829256303,0.4223885586180145
5,4,R5F4,transport_ESC_140_90,Operator-aware logistic EM,0.8013972055888223,0.5101001043954988,0.4773082942097026,0.4237560185214785,0.2749208916669301
5,4,R5F4,canonical_bp_severity,Oracle-label logistic,0.5868263473053892,0.3870589175088765,0.3550896289240127,0.863102218859934,0.509345051374384
5,4,R5F4,transport_ACC_AHA_130_80,Oracle-label logistic,0.6457085828343313,0.613047263681592,0.6140446055108584,0.6053196940371356,0.4211467746660918
5,4,R5F4,transport_ESC_140_90,Oracle-label logistic,0.7994011976047904,0.5147818902630382,0.4888831929510231,0.4258656192156509,0.2767883196914681
5,5,R5F5,canonical_bp_severity,GALIATSATOS/PLA-BN TAN,0.5688622754491018,0.3997921951998854,0.3994477372580409,0.9689411815730816,0.5512741201776831
5,5,R5F5,transport_ACC_AHA_130_80,GALIATSATOS/PLA-BN TAN,0.6217564870259481,0.5975621890547264,0.5985318043857693,0.6479208663619048,0.4545195832569315
5,5,R5F5,transport_ESC_140_90,GALIATSATOS/PLA-BN TAN,0.8023952095808383,0.5462254302311431,0.5444283194944521,0.4546637912162024,0.2814590254777415
5,5,R5F5,canonical_bp_severity,Operator-aware logistic EM,0.5988023952095808,0.4065943316447816,0.393200704069413,0.8814439667903502,0.5136378522745476
5,5,R5F5,transport_ACC_AHA_130_80,Operator-aware logistic EM,0.6447105788423154,0.616728855721393,0.6182072721201146,0.6028908170309468,0.4180839712128361
5,5,R5F5,transport_ESC_140_90,Operator-aware logistic EM,0.8203592814371258,0.5514323959087212,0.5476524879614767,0.4272996328964685,0.2718166883507798
5,5,R5F5,canonical_bp_severity,Oracle-label logistic,0.6087824351297405,0.4099574005668906,0.378350714326324,0.8642164286308597,0.5074798533354086
5,5,R5F5,transport_ACC_AHA_130_80,Oracle-label logistic,0.6516966067864272,0.6233830845771144,0.6250751837377977,0.6042426715358787,0.4191780409434401
5,5,R5F5,transport_ESC_140_90,Oracle-label logistic,0.8163672654690619,0.5430423282117627,0.5339582006248673,0.4214940794643432,0.2701216423868845
