row,method,canonical_true,canonical_pred,binary_true,binary_pred,p0,p1,p2,p3
0,GALIATSATOS/PLA-BN (TAN),2,3,1,1,0.05437747275361824,0.4443903866096104,0.00012960136318988983,0.5011025392735816
1,GALIATSATOS/PLA-BN (TAN),0,1,0,1,0.10719297799609034,0.8897209314149643,0.0007593272849859932,0.0023267633039593077
2,GALIATSATOS/PLA-BN (TAN),2,3,1,1,0.15673373844604974,0.15618956049814753,9.844170440324766e-06,0.6870668568853625
3,GALIATSATOS/PLA-BN (TAN),1,1,1,1,0.17444287521675206,0.8156943188401266,0.00093293541136946,0.008929870531751078
4,GALIATSATOS/PLA-BN (TAN),0,3,0,1,0.27164919851028707,0.32803481599434353,0.00041437402875562035,0.3999016114666134
5,GALIATSATOS/PLA-BN (TAN),0,2,0,1,0.06858175537472536,0.0719874158156703,0.8476895777870905,0.011741251022514642
6,GALIATSATOS/PLA-BN (TAN),3,1,1,1,0.3103426597260345,0.6514551919397885,0.018304031027321165,0.01989811730685601
7,GALIATSATOS/PLA-BN (TAN),0,3,0,1,0.05209519313144673,0.1832059559156602,0.0008770544217000555,0.7638217965311934
8,GALIATSATOS/PLA-BN (TAN),3,3,1,1,0.07381426083156839,0.16455971140135853,0.2508018903217292,0.5108241374453437
9,GALIATSATOS/PLA-BN (TAN),1,0,1,0,0.6293177936096616,0.36401151173455076,0.005487876923686223,0.0011828177321017588
10,GALIATSATOS/PLA-BN (TAN),0,1,0,1,0.261409079992734,0.7097096568348561,0.00018242024500938705,0.028698842927400714
11,GALIATSATOS/PLA-BN (TAN),1,3,1,1,0.05374546589023954,0.4606425378358355,0.008623281946754014,0.4769887143271706
12,GALIATSATOS/PLA-BN (TAN),1,3,1,1,0.21380806779807615,0.020973712772457086,0.3583517860781791,0.4068664333512881
13,GALIATSATOS/PLA-BN (TAN),1,3,1,1,0.15944590201976194,0.4136080960287846,0.0004720429807105864,0.42647395897074303
14,GALIATSATOS/PLA-BN (TAN),1,3,1,1,0.048447306748249305,0.21279985919409705,0.00045073013016501564,0.7383021039274883
15,GALIATSATOS/PLA-BN (TAN),0,1,0,1,0.268741093642704,0.7045907111480341,0.008759058101186613,0.01790913710807581
16,GALIATSATOS/PLA-BN (TAN),3,1,1,1,0.08869387535273701,0.6699009123570286,0.0032761667326328277,0.23812904555760145
17,GALIATSATOS/PLA-BN (TAN),1,1,1,1,0.07905859328717842,0.7871927763118127,0.00012126304570824122,0.13362736735530048
18,GALIATSATOS/PLA-BN (TAN),0,1,0,1,0.04757846877719014,0.5093219940577222,0.004218511881118723,0.4388810252839685
19,GALIATSATOS/PLA-BN (TAN),0,3,0,1,0.03575558263912817,0.25737488159294947,0.012268044821420332,0.694601490946502
20,GALIATSATOS/PLA-BN (TAN),2,2,1,1,0.12909429591366647,0.1500404927439811,0.4315430659700601,0.2893221453722931
21,GALIATSATOS/PLA-BN (TAN),1,1,1,1,0.04757846877719014,0.5093219940577222,0.004218511881118723,0.4388810252839685
22,GALIATSATOS/PLA-BN (TAN),3,3,1,1,0.032925866543777,0.2960187875767569,0.0062429056264606845,0.6648124402530055
23,GALIATSATOS/PLA-BN (TAN),0,1,0,1,0.2441522057946453,0.5581244540342328,0.00016640656093471281,0.19755693361018709
24,GALIATSATOS/PLA-BN (TAN),2,3,1,1,0.27919089946971515,0.015489555078739657,0.0054435375072893364,0.6998760079442554
25,GALIATSATOS/PLA-BN (TAN),2,1,1,1,0.04757846877719014,0.5093219940577222,0.004218511881118723,0.4388810252839685
26,GALIATSATOS/PLA-BN (TAN),2,1,1,1,0.1377417101486471,0.8583506577792929,1.6786682481009375e-06,0.0039059534038118062
27,GALIATSATOS/PLA-BN (TAN),1,3,1,1,0.15944590201976194,0.4136080960287846,0.0004720429807105864,0.42647395897074303
28,GALIATSATOS/PLA-BN (TAN),1,1,1,1,0.0755028146048297,0.7122621086994863,0.001541180721977866,0.21069389597370625
29,GALIATSATOS/PLA-BN (TAN),3,1,1,1,0.3549411891110722,0.6450248475339462,7.435832115114797e-07,3.321977177044624e-05
30,GALIATSATOS/PLA-BN (TAN),3,1,1,1,0.1377417101486471,0.8583506577792929,1.6786682481009375e-06,0.0039059534038118062
31,GALIATSATOS/PLA-BN (TAN),3,3,1,1,0.04404586327887146,0.1168342287145575,0.2509660650586672,0.5881538429479042
32,GALIATSATOS/PLA-BN (TAN),3,1,1,1,0.11675265998139739,0.7104429299557822,8.58972111885357e-05,0.17271851285163203
33,GALIATSATOS/PLA-BN (TAN),3,0,1,1,0.4161926674944279,0.2394975250189708,0.0006785463439991073,0.3436312611426015
34,GALIATSATOS/PLA-BN (TAN),2,1,1,1,0.05375153365997918,0.8202760573309247,6.219280140894954e-05,0.12591021620768705
35,GALIATSATOS/PLA-BN (TAN),3,3,1,1,0.05374546589023954,0.4606425378358355,0.008623281946754014,0.4769887143271706
36,GALIATSATOS/PLA-BN (TAN),2,1,1,1,0.45530706349601385,0.5377450119732738,0.0005403500364194579,0.00640757449429317
37,GALIATSATOS/PLA-BN (TAN),0,3,0,1,0.07381426083156839,0.16455971140135853,0.2508018903217292,0.5108241374453437
38,GALIATSATOS/PLA-BN (TAN),1,1,1,1,0.2441522057946453,0.5581244540342328,0.00016640656093471281,0.19755693361018709
39,GALIATSATOS/PLA-BN (TAN),0,3,0,1,0.05209519313144673,0.1832059559156602,0.0008770544217000555,0.7638217965311934
40,GALIATSATOS/PLA-BN (TAN),3,1,1,1,0.0663366106387619,0.5255693980182431,0.0028956391854537155,0.40519835215754135
41,GALIATSATOS/PLA-BN (TAN),1,1,1,1,0.22181837711556748,0.7779430690946082,7.496544666540368e-05,0.00016358834315861656
42,GALIATSATOS/PLA-BN (TAN),3,1,1,1,0.04757846877719014,0.5093219940577222,0.004218511881118723,0.4388810252839685
43,GALIATSATOS/PLA-BN (TAN),0,3,0,1,0.028019502380571888,0.33002916712170505,0.020042829048687757,0.6219085014490355
44,GALIATSATOS/PLA-BN (TAN),3,1,1,1,0.45530706349601385,0.5377450119732738,0.0005403500364194579,0.00640757449429317
45,GALIATSATOS/PLA-BN (TAN),2,1,1,1,0.0663366106387619,0.5255693980182431,0.0028956391854537155,0.40519835215754135
46,GALIATSATOS/PLA-BN (TAN),1,1,1,1,0.09863730076591434,0.749658299396584,4.010250675633529e-05,0.1516642973307456
47,GALIATSATOS/PLA-BN (TAN),0,1,0,1,0.05278061107381369,0.6764624299456627,0.00013059435776915302,0.2706263646227546
48,GALIATSATOS/PLA-BN (TAN),2,1,1,1,0.0755028146048297,0.7122621086994863,0.001541180721977866,0.21069389597370625
49,GALIATSATOS/PLA-BN (TAN),0,1,0,1,0.2158879295465918,0.7840740609670245,3.700291825551756e-05,1.0065681284670152e-06
50,GALIATSATOS/PLA-BN (TAN),1,1,1,1,0.03836526145981292,0.6643739685065574,0.00019281721730141213,0.2970679528163279
51,GALIATSATOS/PLA-BN (TAN),0,1,0,1,0.2918950951514204,0.6983635647270452,4.689437738968172e-05,0.009694445744145193
52,GALIATSATOS/PLA-BN (TAN),2,3,1,1,0.038048911960557215,0.08080671470718699,0.3923142251457289,0.48883014818652676
53,GALIATSATOS/PLA-BN (TAN),0,0,0,1,0.46526149657819027,0.1776581909314959,1.039538392799852e-05,0.3570699171063861
54,GALIATSATOS/PLA-BN (TAN),1,1,1,1,0.05278061107381369,0.6764624299456627,0.00013059435776915302,0.2706263646227546
55,GALIATSATOS/PLA-BN (TAN),2,3,1,1,0.1054510447739204,0.40817585762501407,0.00022586006518396284,0.48614723753588157
56,GALIATSATOS/PLA-BN (TAN),2,1,1,1,0.027097384158757228,0.9696766586601729,1.3531752990042695e-05,0.003212425428079958
57,GALIATSATOS/PLA-BN (TAN),3,1,1,1,0.45530706349601385,0.5377450119732738,0.0005403500364194579,0.00640757449429317
58,GALIATSATOS/PLA-BN (TAN),0,1,0,1,0.2918950951514204,0.6983635647270452,4.689437738968172e-05,0.009694445744145193
59,GALIATSATOS/PLA-BN (TAN),1,3,1,1,0.03575558263912817,0.25737488159294947,0.012268044821420332,0.694601490946502
60,GALIATSATOS/PLA-BN (TAN),0,1,0,1,0.3549411891110722,0.6450248475339462,7.435832115114797e-07,3.321977177044624e-05
61,GALIATSATOS/PLA-BN (TAN),2,1,1,1,0.13716096933612296,0.6433524726173032,0.0071348784011817665,0.21235167964539228
62,GALIATSATOS/PLA-BN (TAN),1,3,1,1,0.047592002338072294,0.19932377426013048,6.577195103065844e-06,0.7530776462066942
63,GALIATSATOS/PLA-BN (TAN),3,3,1,1,0.05374546589023954,0.4606425378358355,0.008623281946754014,0.4769887143271706
64,GALIATSATOS/PLA-BN (TAN),2,1,1,1,0.09715322292327479,0.854229404554444,0.0030960973714320977,0.04552127515084893
65,GALIATSATOS/PLA-BN (TAN),2,3,1,1,0.05374546589023954,0.4606425378358355,0.008623281946754014,0.4769887143271706
66,GALIATSATOS/PLA-BN (TAN),3,1,1,1,0.18365097897931082,0.7701936995545149,0.004631888371297556,0.04152343309487603
67,GALIATSATOS/PLA-BN (TAN),1,1,1,1,0.04757846877719014,0.5093219940577222,0.004218511881118723,0.4388810252839685
68,GALIATSATOS/PLA-BN (TAN),1,1,1,1,0.2441522057946453,0.5581244540342328,0.00016640656093471281,0.19755693361018709
69,GALIATSATOS/PLA-BN (TAN),1,0,1,0,0.5579675014173554,0.44176338960950623,6.693219091523699e-05,0.0002021767822233835
70,GALIATSATOS/PLA-BN (TAN),0,1,0,1,0.4019628454050632,0.5975485550293018,0.00042159320283266137,6.700636280272568e-05
71,GALIATSATOS/PLA-BN (TAN),2,3,1,1,0.16623474915248906,0.13263299030518105,1.8893846500581443e-05,0.7011133666958295
72,GALIATSATOS/PLA-BN (TAN),0,1,0,1,0.287529587333816,0.7123866130211085,2.3427207455045822e-05,6.037243762038707e-05
73,GALIATSATOS/PLA-BN (TAN),3,1,1,1,0.11739328702802865,0.8794451719032422,2.0615931536307406e-08,0.00316152045279789
74,GALIATSATOS/PLA-BN (TAN),3,1,1,1,0.09863730076591434,0.749658299396584,4.010250675633529e-05,0.1516642973307456
75,GALIATSATOS/PLA-BN (TAN),1,3,1,1,0.03575558263912817,0.25737488159294947,0.012268044821420332,0.694601490946502
76,GALIATSATOS/PLA-BN (TAN),2,1,1,1,0.08298606881316285,0.9164628603202039,7.49147871488539e-07,0.0005503217187617812
77,GALIATSATOS/PLA-BN (TAN),3,1,1,1,0.13690639792284484,0.8630914696197701,7.054593910782692e-08,2.061911446156218e-06
78,GALIATSATOS/PLA-BN (TAN),2,1,1,1,0.11675265998139739,0.7104429299557822,8.58972111885357e-05,0.17271851285163203
79,GALIATSATOS/PLA-BN (TAN),1,1,1,1,0.10012415283021987,0.7460049188792897,2.6410328036232327e-06,0.15386828725768686
80,GALIATSATOS/PLA-BN (TAN),0,1,0,1,0.04057294812674921,0.9201940828226618,5.6362653670030756e-06,0.03922733278522159
81,GALIATSATOS/PLA-BN (TAN),2,1,1,1,0.16832572882249144,0.42027411647854596,1.2994540272639321e-05,0.41138716015868987
82,GALIATSATOS/PLA-BN (TAN),2,0,1,0,0.5098664209191737,0.48213499170063706,0.001094987462539674,0.006903599917649883
83,GALIATSATOS/PLA-BN (TAN),2,1,1,1,0.08401044142419174,0.781800357516167,1.224577482051623e-06,0.1341879764821587
84,GALIATSATOS/PLA-BN (TAN),3,1,1,1,0.15017881003491892,0.46832847093077506,6.406740537900507e-06,0.3814863122937682
85,GALIATSATOS/PLA-BN (TAN),2,1,1,1,0.08401044142419174,0.781800357516167,1.224577482051623e-06,0.1341879764821587
86,GALIATSATOS/PLA-BN (TAN),3,3,1,1,0.16623474915248906,0.13263299030518105,1.8893846500581443e-05,0.7011133666958295
87,GALIATSATOS/PLA-BN (TAN),0,1,0,1,0.3549411891110722,0.6450248475339462,7.435832115114797e-07,3.321977177044624e-05
88,GALIATSATOS/PLA-BN (TAN),1,1,1,1,0.11675265998139739,0.7104429299557822,8.58972111885357e-05,0.17271851285163203
89,GALIATSATOS/PLA-BN (TAN),1,1,1,1,0.3549411891110722,0.6450248475339462,7.435832115114797e-07,3.321977177044624e-05
90,GALIATSATOS/PLA-BN (TAN),3,1,1,1,0.09863730076591434,0.749658299396584,4.010250675633529e-05,0.1516642973307456
91,GALIATSATOS/PLA-BN (TAN),0,1,0,1,0.08421127267013633,0.905180727919954,0.0070332240307128145,0.0035747753791965154
92,GALIATSATOS/PLA-BN (TAN),3,3,1,1,0.1054510447739204,0.40817585762501407,0.00022586006518396284,0.48614723753588157
93,GALIATSATOS/PLA-BN (TAN),1,1,1,1,0.11849223611792774,0.46677589065409336,0.013180948589599652,0.40155092463837905
94,GALIATSATOS/PLA-BN (TAN),0,1,0,1,0.2441522057946453,0.5581244540342328,0.00016640656093471281,0.19755693361018709
95,GALIATSATOS/PLA-BN (TAN),3,3,1,1,0.05437747275361824,0.4443903866096104,0.00012960136318988983,0.5011025392735816
96,GALIATSATOS/PLA-BN (TAN),0,1,0,1,0.1568665684575418,0.8175160675060312,0.00011574174378026458,0.02550162229264644
97,GALIATSATOS/PLA-BN (TAN),1,0,1,0,0.618949299827306,0.38041110341378953,0.00044124079746651185,0.0001983559614372178
98,GALIATSATOS/PLA-BN (TAN),1,1,1,1,0.09341583611005236,0.5805838284526668,0.05695240572313123,0.2690479297141494
99,GALIATSATOS/PLA-BN (TAN),0,3,0,1,0.04699137775123607,0.009551510806437506,0.0006556582623897084,0.9428014531799371
100,GALIATSATOS/PLA-BN (TAN),1,1,1,1,0.2770091110891139,0.5069961849344264,0.00034165343001286205,0.21565305054644718
101,GALIATSATOS/PLA-BN (TAN),3,1,1,1,0.11675265998139739,0.7104429299557822,8.58972111885357e-05,0.17271851285163203
102,GALIATSATOS/PLA-BN (TAN),1,1,1,1,0.0423191015386905,0.6829752537486395,0.012558088303701333,0.2621475564089683
103,GALIATSATOS/PLA-BN (TAN),1,3,1,1,0.09837015227410893,0.1237067707069209,0.021217715339429195,0.7567053616795401
104,GALIATSATOS/PLA-BN (TAN),0,1,0,1,0.268741093642704,0.7045907111480341,0.008759058101186613,0.01790913710807581
105,GALIATSATOS/PLA-BN (TAN),3,3,1,1,0.047592002338072294,0.19932377426013048,6.577195103065844e-06,0.7530776462066942
106,GALIATSATOS/PLA-BN (TAN),1,1,1,1,0.0425922520573431,0.5909976426039649,0.0026644503186441103,0.3637456550200483
107,GALIATSATOS/PLA-BN (TAN),1,1,1,1,0.09863730076591434,0.749658299396584,4.010250675633529e-05,0.1516642973307456
108,GALIATSATOS/PLA-BN (TAN),0,1,0,1,0.04513741517843915,0.9539162143018259,7.172732082940748e-06,0.0009391977876519378
109,GALIATSATOS/PLA-BN (TAN),0,1,0,1,0.17372069392012704,0.8262103270000012,1.4965691783352563e-05,5.4013388088036526e-05
110,GALIATSATOS/PLA-BN (TAN),3,1,1,1,0.45530706349601385,0.5377450119732738,0.0005403500364194579,0.00640757449429317
111,GALIATSATOS/PLA-BN (TAN),0,1,0,1,0.2669031123914938,0.7330734499346282,7.875078183957648e-06,1.5562595694430826e-05
112,GALIATSATOS/PLA-BN (TAN),3,1,1,1,0.15384332578428503,0.8448364894023791,4.316380041699633e-07,0.00131975317533154
113,GALIATSATOS/PLA-BN (TAN),1,1,1,1,0.2964951139353871,0.7018856654166634,0.00010248760383302587,0.001516733044116145
114,GALIATSATOS/PLA-BN (TAN),1,1,1,1,0.14954580679413798,0.8504458698997707,2.1279394277173812e-07,8.110512148652426e-06
115,GALIATSATOS/PLA-BN (TAN),3,1,1,1,0.45530706349601385,0.5377450119732738,0.0005403500364194579,0.00640757449429317
116,GALIATSATOS/PLA-BN (TAN),2,3,1,1,0.034785215526056165,0.4714800491865916,0.02207407597116689,0.47166065931618517
117,GALIATSATOS/PLA-BN (TAN),2,3,1,1,0.2546020691979243,0.12615171773372266,4.075155306494821e-05,0.6192054615152883
118,GALIATSATOS/PLA-BN (TAN),3,1,1,1,0.15017881003491892,0.46832847093077506,6.406740537900507e-06,0.3814863122937682
119,GALIATSATOS/PLA-BN (TAN),1,3,1,1,0.15944590201976194,0.4136080960287846,0.0004720429807105864,0.42647395897074303
120,GALIATSATOS/PLA-BN (TAN),2,3,1,1,0.15944590201976194,0.4136080960287846,0.0004720429807105864,0.42647395897074303
121,GALIATSATOS/PLA-BN (TAN),3,3,1,1,0.05107842209249824,0.17127849413935292,1.2773977846943865e-05,0.777630309790302
122,GALIATSATOS/PLA-BN (TAN),1,1,1,1,0.05375153365997918,0.8202760573309247,6.219280140894954e-05,0.12591021620768705
123,GALIATSATOS/PLA-BN (TAN),0,3,0,1,0.0582906025992322,0.26056875399340457,0.028165256138440065,0.6529753872689228
124,GALIATSATOS/PLA-BN (TAN),1,0,1,0,0.5663107210143772,0.42840173804127174,0.0002882018315663244,0.0049993391127849405
125,GALIATSATOS/PLA-BN (TAN),3,3,1,1,0.27164919851028707,0.32803481599434353,0.00041437402875562035,0.3999016114666134
126,GALIATSATOS/PLA-BN (TAN),1,1,1,1,0.025973656754685576,0.9529463327864083,2.045251861859772e-07,0.02107980593372026
127,GALIATSATOS/PLA-BN (TAN),2,3,1,1,0.05374546589023954,0.4606425378358355,0.008623281946754014,0.4769887143271706
128,GALIATSATOS/PLA-BN (TAN),0,1,0,1,0.1280135003964245,0.8688653642212235,0.0028993664541026925,0.00022176892824964038
129,GALIATSATOS/PLA-BN (TAN),0,1,0,1,0.2605937186946198,0.73936612735423,1.273110099510766e-06,3.8880841050220944e-05
130,GALIATSATOS/PLA-BN (TAN),1,0,1,0,0.6235211343555912,0.3758809869599763,3.171588887944341e-05,0.0005661627955532077
131,GALIATSATOS/PLA-BN (TAN),3,1,1,1,0.093204326620266,0.7445586036235031,0.02334714600728782,0.1388899237489423
132,GALIATSATOS/PLA-BN (TAN),1,1,1,1,0.19785786106700018,0.5272838286048309,0.011659337782988253,0.26319897254517993
133,GALIATSATOS/PLA-BN (TAN),0,1,0,1,0.261409079992734,0.7097096568348561,0.00018242024500938705,0.028698842927400714
134,GALIATSATOS/PLA-BN (TAN),3,1,1,1,0.007935174000106224,0.9873385005280496,8.147393136221529e-07,0.0047255107325302964
135,GALIATSATOS/PLA-BN (TAN),0,1,0,1,0.268741093642704,0.7045907111480341,0.008759058101186613,0.01790913710807581
136,GALIATSATOS/PLA-BN (TAN),3,1,1,1,0.2964951139353871,0.7018856654166634,0.00010248760383302587,0.001516733044116145
137,GALIATSATOS/PLA-BN (TAN),3,1,1,1,0.287529587333816,0.7123866130211085,2.3427207455045822e-05,6.037243762038707e-05
138,GALIATSATOS/PLA-BN (TAN),0,1,0,1,0.12170947544032298,0.8532515213106844,0.00046959649614444624,0.024569406752848
139,GALIATSATOS/PLA-BN (TAN),2,1,1,1,0.3103426597260345,0.6514551919397885,0.018304031027321165,0.01989811730685601
140,GALIATSATOS/PLA-BN (TAN),0,1,0,1,0.04977825019633737,0.9039048889231579,1.2513431812206608e-05,0.04630434744869283
141,GALIATSATOS/PLA-BN (TAN),3,0,1,0,0.5663107210143772,0.42840173804127174,0.0002882018315663244,0.0049993391127849405
142,GALIATSATOS/PLA-BN (TAN),2,0,1,0,0.5663107210143772,0.42840173804127174,0.0002882018315663244,0.0049993391127849405
143,GALIATSATOS/PLA-BN (TAN),3,1,1,1,0.04057294812674921,0.9201940828226618,5.6362653670030756e-06,0.03922733278522159
144,GALIATSATOS/PLA-BN (TAN),0,1,0,1,0.1377417101486471,0.8583506577792929,1.6786682481009375e-06,0.0039059534038118062
145,GALIATSATOS/PLA-BN (TAN),0,1,0,1,0.13292198964275956,0.8669229168804095,3.8183912160016935e-07,0.0001547116377097703
146,GALIATSATOS/PLA-BN (TAN),0,3,0,1,0.2969057669674657,0.10237022682902604,1.174535053947661e-05,0.6007122608529682
147,GALIATSATOS/PLA-BN (TAN),1,1,1,1,0.3549411891110722,0.6450248475339462,7.435832115114797e-07,3.321977177044624e-05
148,GALIATSATOS/PLA-BN (TAN),3,3,1,1,0.047171954584399926,0.007319837349257017,1.7692327352061296e-05,0.9454905157389913
149,GALIATSATOS/PLA-BN (TAN),3,1,1,1,0.45530706349601385,0.5377450119732738,0.0005403500364194579,0.00640757449429317
150,GALIATSATOS/PLA-BN (TAN),0,1,0,1,0.012579414579878948,0.9357021804307771,0.00023355155434761447,0.05148485343499615
151,GALIATSATOS/PLA-BN (TAN),3,1,1,1,0.268741093642704,0.7045907111480341,0.008759058101186613,0.01790913710807581
152,GALIATSATOS/PLA-BN (TAN),1,1,1,1,0.031469538562105194,0.935067771864243,1.6492796089346497e-05,0.03344619677756212
153,GALIATSATOS/PLA-BN (TAN),1,1,1,1,0.022913263062784094,0.9553793783748248,6.885328011869993e-06,0.021700473234379524
154,GALIATSATOS/PLA-BN (TAN),2,3,1,1,0.16440039960316358,0.39927549024883074,9.840595145737444e-05,0.43622570419654794
155,GALIATSATOS/PLA-BN (TAN),2,1,1,1,0.2964951139353871,0.7018856654166634,0.00010248760383302587,0.001516733044116145
156,GALIATSATOS/PLA-BN (TAN),2,3,1,1,0.17681372710921264,0.36722470177017796,0.0009472532405379144,0.45501431788007124
157,GALIATSATOS/PLA-BN (TAN),2,3,1,1,0.16623474915248906,0.13263299030518105,1.8893846500581443e-05,0.7011133666958295
158,GALIATSATOS/PLA-BN (TAN),2,0,1,0,0.5663107210143772,0.42840173804127174,0.0002882018315663244,0.0049993391127849405
159,GALIATSATOS/PLA-BN (TAN),1,1,1,1,0.27579956318698845,0.7237741199825355,3.452316677251988e-05,0.00039179366370325754
160,GALIATSATOS/PLA-BN (TAN),3,1,1,1,0.04757846877719014,0.5093219940577222,0.004218511881118723,0.4388810252839685
161,GALIATSATOS/PLA-BN (TAN),3,1,1,1,0.27579956318698845,0.7237741199825355,3.452316677251988e-05,0.00039179366370325754
162,GALIATSATOS/PLA-BN (TAN),3,3,1,1,0.05374546589023954,0.4606425378358355,0.008623281946754014,0.4769887143271706
163,GALIATSATOS/PLA-BN (TAN),3,1,1,1,0.45530706349601385,0.5377450119732738,0.0005403500364194579,0.00640757449429317
164,GALIATSATOS/PLA-BN (TAN),1,1,1,1,0.3549411891110722,0.6450248475339462,7.435832115114797e-07,3.321977177044624e-05
165,GALIATSATOS/PLA-BN (TAN),3,0,1,0,0.6937902781652932,0.09267879355685663,0.0008087945505463889,0.21272213372730372
166,GALIATSATOS/PLA-BN (TAN),2,1,1,1,0.268741093642704,0.7045907111480341,0.008759058101186613,0.01790913710807581
167,GALIATSATOS/PLA-BN (TAN),0,1,0,1,0.45530706349601385,0.5377450119732738,0.0005403500364194579,0.00640757449429317
168,GALIATSATOS/PLA-BN (TAN),2,0,1,0,0.5663107210143772,0.42840173804127174,0.0002882018315663244,0.0049993391127849405
169,GALIATSATOS/PLA-BN (TAN),1,1,1,1,0.23328889615315304,0.712612288356627,0.05009508869317095,0.004003726797048923
170,GALIATSATOS/PLA-BN (TAN),1,1,1,1,0.06856206702119441,0.8429436668443943,1.5800581735340864e-06,0.0884926860762377
171,GALIATSATOS/PLA-BN (TAN),0,0,0,0,0.9797348761156283,0.0030899342492686282,0.0010293208332771558,0.01614586880182553
172,GALIATSATOS/PLA-BN (TAN),3,3,1,1,0.18186715483620047,0.35364237129957116,0.00019699477491508965,0.4642934790893131
173,GALIATSATOS/PLA-BN (TAN),1,1,1,1,0.13078465424348143,0.8591168793220857,0.005239307635365591,0.004859158799066924
174,GALIATSATOS/PLA-BN (TAN),0,1,0,1,0.261409079992734,0.7097096568348561,0.00018242024500938705,0.028698842927400714
175,GALIATSATOS/PLA-BN (TAN),0,1,0,1,0.4126038258617638,0.53787060834776,0.03427063736216948,0.015254928428306643
176,GALIATSATOS/PLA-BN (TAN),3,3,1,1,0.05107842209249824,0.17127849413935292,1.2773977846943865e-05,0.777630309790302
177,GALIATSATOS/PLA-BN (TAN),2,1,1,1,0.45530706349601385,0.5377450119732738,0.0005403500364194579,0.00640757449429317
178,GALIATSATOS/PLA-BN (TAN),3,3,1,1,0.06053922309572015,0.12259294527393107,0.009272320886696148,0.8075955107436529
179,GALIATSATOS/PLA-BN (TAN),1,3,1,1,0.15944590201976194,0.4136080960287846,0.0004720429807105864,0.42647395897074303
180,GALIATSATOS/PLA-BN (TAN),1,1,1,1,0.1895523210648258,0.7759031269187817,0.014407256156349996,0.020137295860042533
181,GALIATSATOS/PLA-BN (TAN),0,1,0,1,0.3549411891110722,0.6450248475339462,7.435832115114797e-07,3.321977177044624e-05
182,GALIATSATOS/PLA-BN (TAN),1,1,1,1,0.13973874691702862,0.5490085434543995,4.7412643857994565e-06,0.3112479683641857
183,GALIATSATOS/PLA-BN (TAN),1,1,1,1,0.0755028146048297,0.7122621086994863,0.001541180721977866,0.21069389597370625
184,GALIATSATOS/PLA-BN (TAN),0,3,0,1,0.16440039960316358,0.39927549024883074,9.840595145737444e-05,0.43622570419654794
185,GALIATSATOS/PLA-BN (TAN),1,1,1,1,0.27579956318698845,0.7237741199825355,3.452316677251988e-05,0.00039179366370325754
186,GALIATSATOS/PLA-BN (TAN),3,1,1,1,0.09887269105969558,0.8992743853093903,0.0007926378024605292,0.00106028582845361
187,GALIATSATOS/PLA-BN (TAN),2,1,1,1,0.3103426597260345,0.6514551919397885,0.018304031027321165,0.01989811730685601
188,GALIATSATOS/PLA-BN (TAN),2,1,1,1,0.04977825019633737,0.9039048889231579,1.2513431812206608e-05,0.04630434744869283
189,GALIATSATOS/PLA-BN (TAN),0,0,0,0,0.9363004758925436,0.06118675573885214,0.0017658792774502376,0.0007468890911538052
190,GALIATSATOS/PLA-BN (TAN),0,3,0,1,0.06940863886465702,0.26466010748594765,0.01966171863356203,0.6462695350158331
191,GALIATSATOS/PLA-BN (TAN),3,3,1,1,0.05437747275361824,0.4443903866096104,0.00012960136318988983,0.5011025392735816
192,GALIATSATOS/PLA-BN (TAN),3,1,1,1,0.01589864043736552,0.8902913059541632,1.547661399844453e-05,0.09379457699447317
193,GALIATSATOS/PLA-BN (TAN),1,3,1,1,0.17681372710921264,0.36722470177017796,0.0009472532405379144,0.45501431788007124
194,GALIATSATOS/PLA-BN (TAN),2,0,1,0,0.5729881246114769,0.4108457835540696,0.015042225791309207,0.001123866043144548
195,GALIATSATOS/PLA-BN (TAN),1,0,1,0,0.5147341156385539,0.48445974422772375,6.10572875022431e-05,0.0007450828462201993
196,GALIATSATOS/PLA-BN (TAN),0,1,0,1,0.261409079992734,0.7097096568348561,0.00018242024500938705,0.028698842927400714
197,GALIATSATOS/PLA-BN (TAN),2,1,1,1,0.18871301991168277,0.8003817424730604,0.00034864546824096084,0.010556592147015563
198,GALIATSATOS/PLA-BN (TAN),0,1,0,1,0.45530706349601385,0.5377450119732738,0.0005403500364194579,0.00640757449429317
199,GALIATSATOS/PLA-BN (TAN),1,1,1,1,0.2019501655784985,0.7704832715737893,0.02396422324727988,0.0036023396004316133
0,Operator-aware logistic EM,2,1,1,1,0.055733814773799586,0.9385145490299939,8.841365072771684e-06,0.005742794831133802
1,Operator-aware logistic EM,0,1,0,1,0.359920215045023,0.6365186567247106,1.2200602366644422e-05,0.003548927627899664
2,Operator-aware logistic EM,2,1,1,1,0.0955749263999284,0.9019947425180846,7.755862679466646e-06,0.0024225752193076148
3,Operator-aware logistic EM,1,1,1,1,0.19962348637165067,0.7949511510728328,1.2804145363847195e-05,0.00541255841015276
4,Operator-aware logistic EM,0,1,0,1,0.34808024246634295,0.5391554093085797,4.162991779105221e-05,0.11272271830728622
5,Operator-aware logistic EM,0,0,0,0,0.8169218144524424,0.08433796222958566,2.744775169870793e-05,0.09871277556627316
6,Operator-aware logistic EM,3,1,1,1,0.16939764609315378,0.7935555343307126,2.4490332182173354e-05,0.03702232924395145
7,Operator-aware logistic EM,0,1,0,1,0.18703910740302904,0.593040706184344,4.050372273648923e-05,0.21987968268989042
8,Operator-aware logistic EM,3,0,1,0,0.6209024477341828,0.19138988519266809,3.987939488104197e-05,0.18766778767826808
9,Operator-aware logistic EM,1,0,1,0,0.7478940061248714,0.25039238226967186,9.614889228699734e-06,0.0017039967162280757
10,Operator-aware logistic EM,0,0,0,0,0.7919933127644245,0.20628917107062758,8.615176971702126e-06,0.0017089009879761045
11,Operator-aware logistic EM,1,1,1,1,0.15660899997245617,0.44860361258061954,4.2995958159084685e-05,0.39474439148876517
12,Operator-aware logistic EM,1,0,1,0,0.5553939042042653,0.173967396972486,4.303804305786005e-05,0.27059566078019087
13,Operator-aware logistic EM,1,0,1,0,0.708337544001387,0.18470816461445677,3.537986285171872e-05,0.10691891152130435
14,Operator-aware logistic EM,1,3,1,1,0.22514840221758245,0.11601499829919756,4.0890791758403825e-05,0.6587957086914615
15,Operator-aware logistic EM,0,1,0,1,0.2922560801458317,0.6973632023083798,1.699523488169165e-05,0.010363722310906804
16,Operator-aware logistic EM,3,1,1,1,0.01746030096560623,0.9595769850996636,9.288602787446443e-06,0.022953425331942716
17,Operator-aware logistic EM,1,1,1,1,0.1835759933511033,0.8127076599714813,1.047470596432236e-05,0.0037058719714510953
18,Operator-aware logistic EM,0,1,0,1,0.28460080217039685,0.3664646951895099,4.755739388240512e-05,0.3488869452462108
19,Operator-aware logistic EM,0,1,0,1,0.14397514883178608,0.606186830070636,3.8748459359699905e-05,0.24979927263821827
20,Operator-aware logistic EM,2,0,1,0,0.6494851180083103,0.12520550578171621,3.782666613443212e-05,0.225271549543839
21,Operator-aware logistic EM,1,3,1,1,0.06843805140092042,0.02405310226143241,1.855939755116752e-05,0.9074902869400959
22,Operator-aware logistic EM,3,1,1,1,0.3704876063273042,0.38581100328218476,4.5762817880965854e-05,0.24365562757263007
23,Operator-aware logistic EM,0,0,0,0,0.836575006366035,0.11540020230683999,2.3475270391793345e-05,0.048001316056733315
24,Operator-aware logistic EM,2,0,1,0,0.8288530215922952,0.09088680463343632,2.6937519966081252e-05,0.08023323625430244
25,Operator-aware logistic EM,2,3,1,1,0.2300968809793641,0.050481548751855586,3.287055580295174e-05,0.7193886997129775
26,Operator-aware logistic EM,2,3,1,1,0.4146872122885009,0.07816131328895848,4.016475227556529e-05,0.507111309670265
27,Operator-aware logistic EM,1,1,1,1,0.40345640801455745,0.550090263081066,3.213933829256234e-05,0.046421189566084
28,Operator-aware logistic EM,1,1,1,1,0.21376183100070928,0.7332405924213643,2.6880319366898504e-05,0.0529706962585596
29,Operator-aware logistic EM,3,0,1,0,0.5798723889131908,0.4190888456991901,8.220623790727442e-06,0.0010305447638283849
30,Operator-aware logistic EM,3,0,1,0,0.6070521643296879,0.25732087220853417,3.961054459236898e-05,0.1355873529171855
31,Operator-aware logistic EM,3,1,1,1,0.26880922931956325,0.6810715588323905,2.9380402319827172e-05,0.05008983144572635
32,Operator-aware logistic EM,3,1,1,1,0.1368760371428665,0.8160170518569752,2.439055073680384e-05,0.047082520449421385
33,Operator-aware logistic EM,3,0,1,0,0.9855060488114236,0.006724729523981876,5.430885363870435e-06,0.0077637907792305364
34,Operator-aware logistic EM,2,1,1,1,0.20464251043670456,0.48940751559728796,4.2260318315667565e-05,0.30590771364769176
35,Operator-aware logistic EM,3,1,1,1,0.17231016045626357,0.46201296327013275,4.392133915370536e-05,0.3656329549344499
36,Operator-aware logistic EM,2,1,1,1,0.388625089385235,0.6107896844549551,6.720553808451413e-06,0.0005785056060015841
37,Operator-aware logistic EM,0,3,0,1,0.3443361468331386,0.3093913365325614,4.708136277622732e-05,0.3462254352715238
38,Operator-aware logistic EM,1,0,1,0,0.7198682997463929,0.26533154766989303,2.0355145124902514e-05,0.014779797438589277
39,Operator-aware logistic EM,0,1,0,1,0.14432440408091346,0.5081958540701195,4.1870561247734435e-05,0.34743787128771936
40,Operator-aware logistic EM,3,3,1,1,0.28463465418542716,0.3340751063567088,4.49515317871007e-05,0.3812452879260769
41,Operator-aware logistic EM,1,0,1,0,0.7133024592604675,0.09529821335205119,3.539286819908373e-05,0.1913639345192822
42,Operator-aware logistic EM,3,3,1,1,0.03130452458119408,0.027022501057495363,1.4649034666163115e-05,0.9416583253266444
43,Operator-aware logistic EM,0,0,0,0,0.5103719912813234,0.23105114932333146,4.4159079181581304e-05,0.2585327003161637
44,Operator-aware logistic EM,3,0,1,0,0.5903770935561253,0.4044426323659983,1.5436113658393643e-05,0.005164837964217912
45,Operator-aware logistic EM,2,1,1,1,0.11764372443159098,0.46994574000209566,3.839910035738499e-05,0.41237213646595594
46,Operator-aware logistic EM,1,1,1,1,0.09688401409291152,0.9007133914773993,7.484666099361567e-06,0.0023951097635899754
47,Operator-aware logistic EM,0,0,0,1,0.4609615571127057,0.2830711768268152,4.440572746822918e-05,0.25592286033301076
48,Operator-aware logistic EM,2,1,1,1,0.273913467109984,0.5165240396306788,4.214392012847872e-05,0.20952034933920868
49,Operator-aware logistic EM,0,0,0,0,0.6423902502753506,0.3573260570903885,4.979192899141519e-06,0.0002787134413619208
50,Operator-aware logistic EM,1,1,1,1,0.2360497259217144,0.39899026627827483,4.578937502064544e-05,0.3649142184249901
51,Operator-aware logistic EM,0,0,0,0,0.9711731419027021,0.022451766270149838,6.6886473445699155e-06,0.006368403179803496
52,Operator-aware logistic EM,2,1,1,1,0.08804636043817671,0.8522671556303504,2.226205352232681e-05,0.059664221877950584
53,Operator-aware logistic EM,0,0,0,0,0.8930315714963244,0.10383577933189163,9.396723348738866e-06,0.00312325244843532
54,Operator-aware logistic EM,1,0,1,1,0.4695570807391089,0.27090926007764027,4.435884520646743e-05,0.25948930033804435
55,Operator-aware logistic EM,2,3,1,1,0.16326900627248733,0.37365020211399064,4.3375178434423145e-05,0.46303741643508756
56,Operator-aware logistic EM,2,1,1,1,0.16814148123421555,0.546876290247638,4.203467099825267e-05,0.2849401938471481
57,Operator-aware logistic EM,3,0,1,0,0.6925023806517142,0.3061348331656062,9.279652056730273e-06,0.0013535065306228057
58,Operator-aware logistic EM,0,0,0,0,0.8931330954608105,0.08191341403924679,1.6764750853075066e-05,0.02493672574908957
59,Operator-aware logistic EM,1,3,1,1,0.03720267667055114,0.160590081741906,2.63479342029497e-05,0.8021808936533399
60,Operator-aware logistic EM,0,0,0,0,0.5721636015991133,0.4046641145977116,2.6261018382229005e-05,0.023146022784792854
61,Operator-aware logistic EM,2,1,1,1,0.15107487370611625,0.4338003177579436,4.170145418108287e-05,0.41508310708175894
62,Operator-aware logistic EM,1,1,1,1,0.11768426513417092,0.8818165007896591,4.788668095010047e-06,0.0004944454080749137
63,Operator-aware logistic EM,3,3,1,1,0.07886551888264984,0.44650079926533687,3.685748513737687e-05,0.4745968243668759
64,Operator-aware logistic EM,2,3,1,1,0.21063288445638711,0.0630744312438009,3.214400537993168e-05,0.7262605402944321
65,Operator-aware logistic EM,2,3,1,1,0.2782725286579785,0.3375195604316548,4.732079988110851e-05,0.38416059011048553
66,Operator-aware logistic EM,3,0,1,0,0.8842181112997353,0.11111690589232844,1.0856305486666154e-05,0.004654126502449603
67,Operator-aware logistic EM,1,1,1,1,0.061851958507346594,0.4988754976335393,3.408311705926006e-05,0.4392384607420548
68,Operator-aware logistic EM,1,0,1,0,0.7055350287372593,0.2003525261092481,3.3424540508066775e-05,0.09407902061298462
69,Operator-aware logistic EM,1,0,1,0,0.8707237809934425,0.12488683797932332,1.1285121875248369e-05,0.004378095905358925
70,Operator-aware logistic EM,0,0,0,0,0.9546826420902401,0.04458683052192533,4.558999967130342e-06,0.0007259683878673622
71,Operator-aware logistic EM,2,1,1,1,0.1338450452310782,0.861694831313651,1.0640345074650247e-05,0.004449483110196171
72,Operator-aware logistic EM,0,0,0,0,0.8538294585224783,0.1460448894802511,3.082065814790463e-06,0.00012256993145585797
73,Operator-aware logistic EM,3,1,1,1,0.130095585947121,0.864779064734091,1.079474523103119e-05,0.005114554573556931
74,Operator-aware logistic EM,3,1,1,1,0.293571435060531,0.7004587542746104,1.3788268819768833e-05,0.00595602239603886
75,Operator-aware logistic EM,1,1,1,1,0.2635636329234163,0.6721706889879018,3.281524920930642e-05,0.06423286283947276
76,Operator-aware logistic EM,2,0,1,0,0.8057747914775077,0.11080125699165246,2.7445416489495004e-05,0.08339650611435032
77,Operator-aware logistic EM,3,1,1,1,0.4869761554245103,0.5129415419852708,3.2803342666431637e-06,7.902225595232394e-05
78,Operator-aware logistic EM,2,1,1,1,0.08297404696127117,0.9069508498907611,1.1794585780008e-05,0.010063308562187708
79,Operator-aware logistic EM,1,1,1,1,0.33061292808690707,0.6690022315187849,5.134103564115745e-06,0.0003797062907439055
80,Operator-aware logistic EM,0,1,0,1,0.07444678248872293,0.9248394728314266,4.694178481941596e-06,0.0007090505013684743
81,Operator-aware logistic EM,2,1,1,1,0.0659968260871876,0.9323983869841613,5.88389758492235e-06,0.0015989030310661911
82,Operator-aware logistic EM,2,1,1,1,0.11512396427342189,0.8841299614897747,5.761217642894046e-06,0.0007403130191605788
83,Operator-aware logistic EM,2,1,1,1,0.13245212498381417,0.8669743556872652,5.037512443861542e-06,0.0005684818164767686
84,Operator-aware logistic EM,3,1,1,1,0.06060255108743919,0.9366486986703928,6.9422313297057e-06,0.0027418080108382974
85,Operator-aware logistic EM,2,1,1,1,0.13450745606275724,0.8649247753148884,5.0858219291768705e-06,0.0005626828004251676
86,Operator-aware logistic EM,3,1,1,1,0.14990276985692402,0.843951674746018,1.2399616111349358e-05,0.006133155780946492
87,Operator-aware logistic EM,0,0,0,0,0.6226319385509195,0.36367181546522215,2.1215958984529715e-05,0.01367503002487384
88,Operator-aware logistic EM,1,1,1,1,0.06302112824497624,0.8547994788759027,2.3218658759237142e-05,0.08215617422036196
89,Operator-aware logistic EM,1,0,1,0,0.7454187971835241,0.24929268902807605,1.4255751512273776e-05,0.005274258036887639
90,Operator-aware logistic EM,3,1,1,1,0.10491976886808951,0.8839666294565937,1.3336317178362065e-05,0.011100265358138493
91,Operator-aware logistic EM,0,1,0,1,0.16159420383631082,0.8354880140607406,8.837206599115957e-06,0.002908944896349525
92,Operator-aware logistic EM,3,3,1,1,0.4513350034996324,0.08969113269197744,4.143382800604766e-05,0.458932429980384
93,Operator-aware logistic EM,1,0,1,0,0.5279936698031208,0.46661383884423036,1.4311731808652668e-05,0.005378179620840256
94,Operator-aware logistic EM,0,0,0,0,0.5516052003404633,0.44598655227917766,1.0965138179968464e-05,0.0023972822421791788
95,Operator-aware logistic EM,3,1,1,1,0.05665525617797553,0.8827816246572405,2.0689704862105316e-05,0.06054242945992182
96,Operator-aware logistic EM,0,0,0,0,0.5866834536431481,0.4094646172478627,1.2711210457442773e-05,0.0038392178985317232
97,Operator-aware logistic EM,1,0,1,0,0.7277894689128344,0.2720488839876133,3.975929306754317e-06,0.00015767117024563946
98,Operator-aware logistic EM,1,0,1,0,0.60935871356238,0.16549376863913828,3.9663671010468296e-05,0.22510785412747122
99,Operator-aware logistic EM,0,3,0,1,0.4122219827400572,0.04776118287164763,3.571941214573817e-05,0.5399811149761494
100,Operator-aware logistic EM,1,0,1,0,0.7426583015907641,0.24269553715994938,1.973403871256882e-05,0.014626427210574002
101,Operator-aware logistic EM,3,1,1,1,0.09870391044960329,0.8978895302713118,8.58183916956861e-06,0.003397977439915522
102,Operator-aware logistic EM,1,1,1,1,0.2891467357280307,0.4463711825998154,4.474829196833069e-05,0.26443733338018555
103,Operator-aware logistic EM,1,1,1,1,0.34003221198453004,0.6586404719287058,8.792805607384228e-06,0.0013185232811568203
104,Operator-aware logistic EM,0,1,0,1,0.392127650872811,0.6043752087748095,1.2539005773862652e-05,0.0034846013466055675
105,Operator-aware logistic EM,3,1,1,1,0.05269601683391046,0.9453447470409114,6.026572004907351e-06,0.0019532095531733175
106,Operator-aware logistic EM,1,1,1,1,0.05250530529097831,0.9470731276668097,3.513371378167619e-06,0.0004180536708338792
107,Operator-aware logistic EM,1,1,1,1,0.17629526305554347,0.8198791320359939,1.0502665496946835e-05,0.003815102242965703
108,Operator-aware logistic EM,0,1,0,1,0.4374428552753673,0.5574060031805453,1.4478611376912364e-05,0.005136662932710486
109,Operator-aware logistic EM,0,0,0,0,0.5914727919877952,0.40790465437403267,6.626685232745044e-06,0.0006159269529391841
110,Operator-aware logistic EM,3,1,1,1,0.31676838430644516,0.6828102652679502,5.9628634755751835e-06,0.00041538756212909585
111,Operator-aware logistic EM,0,0,0,0,0.7238324256850114,0.2760284132940983,3.7154937479829742e-06,0.00013544552714240548
112,Operator-aware logistic EM,3,0,1,0,0.7081798814542701,0.28800233886988846,1.1948622585453521e-05,0.0038058310532558437
113,Operator-aware logistic EM,1,0,1,0,0.5763950217173157,0.4218361032254208,9.929944769154493e-06,0.0017589451124942707
114,Operator-aware logistic EM,1,1,1,1,0.4863925037386052,0.5121067532254633,9.21625241676965e-06,0.0014915267835148033
115,Operator-aware logistic EM,3,0,1,0,0.5820819606045806,0.41498046596071225,1.2788698736888951e-05,0.002924784735970217
116,Operator-aware logistic EM,2,0,1,0,0.5538720351653101,0.35192077412911615,3.900938921888753e-05,0.0941681813163549
117,Operator-aware logistic EM,2,1,1,1,0.21908767093373555,0.7784138012238149,1.0016222626623373e-05,0.002488511619822858
118,Operator-aware logistic EM,3,1,1,1,0.10136685183613207,0.8955468800215949,8.377953753178347e-06,0.0030778901885198094
119,Operator-aware logistic EM,1,0,1,0,0.5353936636128636,0.2789404822361772,4.462725036210073e-05,0.18562122690059715
120,Operator-aware logistic EM,2,0,1,0,0.6215043107841837,0.055227924775330506,3.524498410288675e-05,0.3232325194563828
121,Operator-aware logistic EM,3,1,1,1,0.06752168772981944,0.8919731829299693,1.9767739135512326e-05,0.040485361601075694
122,Operator-aware logistic EM,1,1,1,1,0.22327468089046834,0.6710849059250127,3.591388191088313e-05,0.1056044993026081
123,Operator-aware logistic EM,0,1,0,1,0.36141350340296446,0.6242875048026283,2.0272679001036144e-05,0.01427871911540632
124,Operator-aware logistic EM,1,0,1,0,0.632834600048013,0.36550461477910656,9.621098703714413e-06,0.0016511640741767926
125,Operator-aware logistic EM,3,1,1,1,0.32478103491417465,0.6644660502819999,1.847298352335825e-05,0.010734441820302167
126,Operator-aware logistic EM,1,1,1,1,0.2351101505745803,0.7633128223379021,7.697050112080771e-06,0.0015693300374056175
127,Operator-aware logistic EM,2,1,1,1,0.029679978790957934,0.9614489431129282,8.420109214090299e-06,0.008862657986900002
128,Operator-aware logistic EM,0,0,0,0,0.7435113507020866,0.25567460218497134,6.632039599402626e-06,0.0008074150733427377
129,Operator-aware logistic EM,0,1,0,1,0.35716273075118876,0.642161454887782,6.900951405880915e-06,0.0006689134096233894
130,Operator-aware logistic EM,1,0,1,0,0.8121866939784803,0.18417466293611717,1.1728360170879675e-05,0.003626914725231563
131,Operator-aware logistic EM,3,0,1,0,0.6126939029763394,0.3525510379690477,2.759056282737813e-05,0.0347274684917857
132,Operator-aware logistic EM,1,0,1,0,0.6799632367596588,0.31862232604710616,8.941084158195115e-06,0.0014054961090767522
133,Operator-aware logistic EM,0,0,0,0,0.9380699490463132,0.0579909722666655,8.698242718483725e-06,0.003930380444302903
134,Operator-aware logistic EM,3,1,1,1,0.04900186308584836,0.9424979632196893,9.194149746525569e-06,0.008490979544715817
135,Operator-aware logistic EM,0,1,0,1,0.3697481094299394,0.6208941529781926,1.7339486781093012e-05,0.009340398105086875
136,Operator-aware logistic EM,3,0,1,0,0.6968226347543125,0.3023574234013886,7.195680527200572e-06,0.0008127461637717693
137,Operator-aware logistic EM,3,0,1,0,0.9482966232608617,0.05038352503887784,5.594035203936374e-06,0.0013142576650565737
138,Operator-aware logistic EM,0,0,0,0,0.7423735487425926,0.2443363813461714,1.9569507574275784e-05,0.013270500403661834
139,Operator-aware logistic EM,2,1,1,1,0.1692695272591356,0.8282077348045882,9.042486590951393e-06,0.00251369544968535
140,Operator-aware logistic EM,0,1,0,1,0.04395778031708804,0.9505728818174286,8.27944958572668e-06,0.005461058415897649
141,Operator-aware logistic EM,3,0,1,0,0.7766575451442698,0.21280564747778774,1.7508714744842212e-05,0.01051929866319758
142,Operator-aware logistic EM,2,0,1,0,0.5859648232319087,0.41307389096081415,8.015010625453492e-06,0.0009532707966517632
143,Operator-aware logistic EM,3,1,1,1,0.028080460004977586,0.9678694795100957,6.085186486084975e-06,0.004043975298440705
144,Operator-aware logistic EM,0,0,0,0,0.6058810955643288,0.3924229660402309,9.692616258083165e-06,0.0016862457791821433
145,Operator-aware logistic EM,0,0,0,0,0.7541423133899291,0.2444685583270383,8.292261182779217e-06,0.001380836021849952
146,Operator-aware logistic EM,0,1,0,1,0.15340854472508497,0.8458634825190842,5.7716047308722135e-06,0.0007222011511000635
147,Operator-aware logistic EM,1,0,1,0,0.6566435253081792,0.3221616960996609,2.430354321214649e-05,0.02117047504894796
148,Operator-aware logistic EM,3,1,1,1,0.24974191453729336,0.741281792405532,1.7092297916611667e-05,0.008959200759257907
149,Operator-aware logistic EM,3,1,1,1,0.37924496079644354,0.62028692678443,6.198603402406105e-06,0.0004619138157238966
150,Operator-aware logistic EM,0,1,0,1,0.10830809989629722,0.8822243412212212,1.2339963865174939e-05,0.009455218918616353
151,Operator-aware logistic EM,3,1,1,1,0.17660727141173804,0.81927083291632,1.1124932195429483e-05,0.004110770739746502
152,Operator-aware logistic EM,1,1,1,1,0.05811588276742344,0.9409609821495981,4.469561972508104e-06,0.0009186655210061542
153,Operator-aware logistic EM,1,1,1,1,0.052617233579636616,0.9387740775468054,9.614611115599353e-06,0.008599074262442469
154,Operator-aware logistic EM,2,1,1,1,0.060851282266078846,0.9346516973396205,8.257174653829933e-06,0.004488763219646649
155,Operator-aware logistic EM,2,0,1,0,0.7325815647924234,0.25818097444153415,1.740379149123734e-05,0.009220056974551234
156,Operator-aware logistic EM,2,1,1,1,0.14768790051506128,0.8474669311735447,1.1218655565663117e-05,0.004833949655828413
157,Operator-aware logistic EM,2,1,1,1,0.31848817688381015,0.6201465170455517,3.513410251744965e-05,0.061330171968120725
158,Operator-aware logistic EM,2,0,1,0,0.6959873378735715,0.28540037771753063,2.3106729264771816e-05,0.018589177679632956
159,Operator-aware logistic EM,1,0,1,0,0.6377168671463276,0.35900005948567554,1.2681947942724582e-05,0.003270391420054188
160,Operator-aware logistic EM,3,1,1,1,0.11667101694092881,0.8480111513976201,2.076513302089922e-05,0.03529706652843026
161,Operator-aware logistic EM,3,1,1,1,0.36588348834487705,0.6340433060320915,3.135871831238143e-06,7.006975120027972e-05
162,Operator-aware logistic EM,3,1,1,1,0.02497493970231875,0.9538677966441843,1.0834535662556327e-05,0.021146429117834414
163,Operator-aware logistic EM,3,0,1,0,0.6193966014690395,0.3765049848579152,1.4295940610155871e-05,0.004084117732435306
164,Operator-aware logistic EM,1,1,1,1,0.4835643994321499,0.49855543233340677,2.4028428946725942e-05,0.01785613980549668
165,Operator-aware logistic EM,3,1,1,1,0.3125580303542999,0.6854749396178944,9.678378133246961e-06,0.0019573516496723103
166,Operator-aware logistic EM,2,1,1,1,0.14567351749971105,0.7432044994252934,3.3954519030468467e-05,0.11108802855596503
167,Operator-aware logistic EM,0,0,0,0,0.5205437464441625,0.4788239267940214,7.2152108481088475e-06,0.0006251115509679813
168,Operator-aware logistic EM,2,0,1,0,0.6499629346856806,0.3402278243575086,1.899533712055338e-05,0.009790245619690288
169,Operator-aware logistic EM,1,1,1,1,0.4195244363326437,0.5745183350959707,1.5537642887445838e-05,0.005941690928498228
170,Operator-aware logistic EM,1,1,1,1,0.10261890039455406,0.894624590235291,7.964824384684422e-06,0.002748544545770435
171,Operator-aware logistic EM,0,0,0,0,0.78837927238873,0.21082588645576153,6.995779273243614e-06,0.000787845376235228
172,Operator-aware logistic EM,3,1,1,1,0.07659245848542837,0.9173501330096897,9.925453657446037e-06,0.006047483051224495
173,Operator-aware logistic EM,1,0,1,0,0.617076712548495,0.35908857574677794,2.4592450778255297e-05,0.02381011925394862
174,Operator-aware logistic EM,0,0,0,0,0.791946072339122,0.2061861901568466,8.938336829902554e-06,0.0018587991672014746
175,Operator-aware logistic EM,0,0,0,0,0.5145253512584511,0.4801841854408242,1.4598512925354528e-05,0.005275864787799437
176,Operator-aware logistic EM,3,1,1,1,0.03325909492225546,0.9615278239358596,7.877198577435604e-06,0.005205203943307552
177,Operator-aware logistic EM,2,0,1,0,0.5320716865913073,0.45334818895706025,2.2735330633486334e-05,0.014557389120998883
178,Operator-aware logistic EM,3,1,1,1,0.15068053800793246,0.7955820069311921,2.7628348284270304e-05,0.05370982671259111
179,Operator-aware logistic EM,1,1,1,1,0.3439411615517069,0.5938720407933212,3.540761678210364e-05,0.062151390038189806
180,Operator-aware logistic EM,1,1,1,1,0.2327804547762905,0.763726720348713,1.1371265644100616e-05,0.00348145360935242
181,Operator-aware logistic EM,0,0,0,0,0.5810720132836045,0.41786858543560146,8.275627813905095e-06,0.0010511256529802291
182,Operator-aware logistic EM,1,1,1,1,0.051587334012114495,0.9452796612757779,7.0513363223989356e-06,0.0031259533757851572
183,Operator-aware logistic EM,1,1,1,1,0.3406094576178006,0.5490784686787118,3.905115865189443e-05,0.11027302254483574
184,Operator-aware logistic EM,0,1,0,1,0.09399562702453189,0.8933629192799029,1.3412295312988008e-05,0.012628041400252204
185,Operator-aware logistic EM,1,0,1,0,0.5916903172067203,0.40806502607437045,4.844844949865208e-06,0.000239811873959495
186,Operator-aware logistic EM,3,1,1,1,0.18219882373286023,0.8175082689305121,4.2267306287780856e-06,0.0002886806059989
187,Operator-aware logistic EM,2,1,1,1,0.1692695272591356,0.8282077348045882,9.042486590951393e-06,0.00251369544968535
188,Operator-aware logistic EM,2,1,1,1,0.03312134328828714,0.9663906858959024,3.0799818977976166e-06,0.0004848908339127409
189,Operator-aware logistic EM,0,0,0,0,0.8157649195808496,0.1810963943820146,1.1183373187192667e-05,0.003127502663948545
190,Operator-aware logistic EM,0,0,0,0,0.7969329631815111,0.17300390179954184,2.2811142578817814e-05,0.030040323876368177
191,Operator-aware logistic EM,3,1,1,1,0.06778943219549885,0.8607740427070635,2.336717882703794e-05,0.07141315791861062
192,Operator-aware logistic EM,3,1,1,1,0.14204777884761122,0.8490045516829501,1.4438271069110508e-05,0.008933231198369545
193,Operator-aware logistic EM,1,1,1,1,0.15347755018188566,0.8407915046160065,1.1981359310155476e-05,0.005718963842797713
194,Operator-aware logistic EM,2,0,1,0,0.5166156280707188,0.48288803757290244,6.3263648694530886e-06,0.0004900079915091876
195,Operator-aware logistic EM,1,0,1,0,0.8534231108347676,0.1462383672352123,4.589660393421454e-06,0.0003339322696265458
196,Operator-aware logistic EM,0,0,0,0,0.8843927223881606,0.11409938646993949,7.061234272605199e-06,0.0015008299076274508
197,Operator-aware logistic EM,2,0,1,1,0.4920319740091567,0.45522317709675797,3.3147635568555684e-05,0.05271170125851677
198,Operator-aware logistic EM,0,1,0,1,0.40552604210856563,0.5936473871907519,8.287630129087447e-06,0.0008182830705533036
199,Operator-aware logistic EM,1,1,1,1,0.2583131268186426,0.7392238089623446,1.0074179389292932e-05,0.0024529900396235444
0,Oracle-label logistic,2,1,1,1,0.04087593670739322,0.6592862676383288,0.11950625405183235,0.18033154160244574
1,Oracle-label logistic,0,1,0,1,0.44247714813909017,0.44763746637389706,0.06492019618986315,0.04496518929714972
2,Oracle-label logistic,2,1,1,1,0.08375454279433989,0.7249049046810584,0.09852991693728443,0.09281063558731728
3,Oracle-label logistic,1,1,1,1,0.1022843124916433,0.6698164601302798,0.1330773107672378,0.09482191661083914
4,Oracle-label logistic,0,1,0,1,0.0967399464702794,0.41110809841768153,0.1458751649803579,0.34627679013168117
5,Oracle-label logistic,0,0,0,1,0.3886202361149945,0.32612301678307826,0.15262461062799088,0.13263213647393646
6,Oracle-label logistic,3,1,1,1,0.12784609688670348,0.5941114381464795,0.11691550169168344,0.16112696327513368
7,Oracle-label logistic,0,1,0,1,0.0342054417279307,0.3653552519459926,0.23686722314393835,0.36357208318213835
8,Oracle-label logistic,3,1,1,1,0.07673155761549744,0.4606597751259995,0.2677110918568875,0.19489757540161562
9,Oracle-label logistic,1,0,1,0,0.8087546581323531,0.16230007421130793,0.018814582595288863,0.01013068506104991
10,Oracle-label logistic,0,0,0,0,0.7608244697296468,0.20645235590993646,0.020353995240435865,0.012369179119980893
11,Oracle-label logistic,1,3,1,1,0.017983773381385165,0.3130512939491388,0.24624282889220767,0.42272210377726843
12,Oracle-label logistic,1,1,1,1,0.1079137152536506,0.5344722440678165,0.21789276039999017,0.13972128027854272
13,Oracle-label logistic,1,1,1,1,0.22071970948828656,0.3026350472810144,0.21707316892877945,0.2595720743019195
14,Oracle-label logistic,1,3,1,1,0.02253117057700404,0.2100429510109221,0.362260137641883,0.4051657407701908
15,Oracle-label logistic,0,1,0,1,0.31036233025140825,0.5307730055486167,0.07090824576293385,0.0879564184370412
16,Oracle-label logistic,3,1,1,1,0.014357299936288771,0.5489775467146709,0.12963689944197151,0.3070282539070689
17,Oracle-label logistic,1,1,1,1,0.11495628708293465,0.7335292265197605,0.09028100717673887,0.06123347922056607
18,Oracle-label logistic,0,3,0,1,0.03158251661314125,0.2462456011635237,0.2795070009678702,0.4426648812554649
19,Oracle-label logistic,0,3,0,1,0.024650474987142103,0.37276257122260753,0.2203762833272975,0.38221067046295293
20,Oracle-label logistic,2,1,1,1,0.13828503341749654,0.3648861397701353,0.29737595240452486,0.1994528744078433
21,Oracle-label logistic,1,3,1,1,0.01180205658150208,0.0845893803898388,0.2977692872255982,0.605839275803061
22,Oracle-label logistic,3,1,1,1,0.07825475673410046,0.4485087253045208,0.1824821228856275,0.29075439507575124
23,Oracle-label logistic,0,1,0,1,0.3422244158346541,0.4164033088666628,0.1556607228001892,0.08571155249849388
24,Oracle-label logistic,2,2,1,1,0.14556622051702686,0.2708929508220653,0.37357115097250415,0.20996967768840372
25,Oracle-label logistic,2,3,1,1,0.040988943528490814,0.15505071562505518,0.35607892825433446,0.4478814125921195
26,Oracle-label logistic,2,2,1,1,0.09850667900820709,0.19442538510259966,0.366241493999984,0.3408264418892093
27,Oracle-label logistic,1,1,1,1,0.1376131772679393,0.5420712142133305,0.17385490867824457,0.14646069984048563
28,Oracle-label logistic,1,1,1,1,0.042056619414173595,0.5808945570785212,0.18619173325308036,0.19085709025422481
29,Oracle-label logistic,3,0,1,0,0.6580677901958862,0.30158314008852144,0.02621661072817391,0.014132458987418424
30,Oracle-label logistic,3,1,1,1,0.15126822632584302,0.3536943684361739,0.27304902775898987,0.22198837747899328
31,Oracle-label logistic,3,1,1,1,0.05354638758077954,0.5960879937288994,0.15540233435956452,0.19496328433075646
32,Oracle-label logistic,3,1,1,1,0.08678592370372137,0.6202824261267341,0.13620893753736577,0.15672271263217874
33,Oracle-label logistic,3,0,1,1,0.4478669344525771,0.3159678140387742,0.18062969842501242,0.05553555308363631
34,Oracle-label logistic,2,1,1,1,0.024215116187736772,0.3759871355025902,0.22412223059015007,0.37567551771952296
35,Oracle-label logistic,3,3,1,1,0.019063429224803724,0.33149651372976746,0.2499019325783628,0.3995381244670661
36,Oracle-label logistic,2,0,1,0,0.5409238610377053,0.41349966931441445,0.03087913439291574,0.014697335254964526
37,Oracle-label logistic,0,1,0,1,0.021938054325911005,0.37083523185559925,0.3170592085586942,0.29016750525979557
38,Oracle-label logistic,1,0,1,1,0.47387660502641693,0.38512542129305605,0.09855683654195062,0.042441137138576536
39,Oracle-label logistic,0,3,0,1,0.014847090455098494,0.2983465126683784,0.2684661136220237,0.4183402832544993
40,Oracle-label logistic,3,1,1,1,0.0688574561563865,0.48565806944515166,0.16271384611433623,0.2827706282841255
41,Oracle-label logistic,1,2,1,1,0.19106488953981934,0.26752641441903224,0.3676043552136929,0.1738043408274555
42,Oracle-label logistic,3,3,1,1,0.006814877150853603,0.0662951728380013,0.22591113226702025,0.7009788177441248
43,Oracle-label logistic,0,3,0,1,0.12674880200562544,0.3067711607328143,0.2584280151943669,0.30805202206719334
44,Oracle-label logistic,3,0,1,0,0.5413190660210948,0.3551169614574083,0.06686210646379069,0.036701866057706346
45,Oracle-label logistic,2,1,1,1,0.021305654955092398,0.41001748326715887,0.1946620590584531,0.3740148027192957
46,Oracle-label logistic,1,1,1,1,0.09324689917134715,0.7774866672012869,0.06985735240246635,0.05940908122489964
47,Oracle-label logistic,0,1,0,1,0.13654024347235338,0.39428653068737257,0.23995355844424884,0.2292196673960251
48,Oracle-label logistic,2,1,1,1,0.03145766718056005,0.43216560523212844,0.23522236993003834,0.30115435765727316
49,Oracle-label logistic,0,0,0,0,0.7752707140230743,0.2096797323156311,0.011847557350260432,0.0032019963110342113
50,Oracle-label logistic,1,3,1,1,0.014898707201605504,0.25143866554577193,0.24817083287653866,0.4854917943760839
51,Oracle-label logistic,0,0,0,0,0.7600572791928502,0.14300146220108884,0.06667061089348526,0.030270647712575607
52,Oracle-label logistic,2,1,1,1,0.030722162548376633,0.49528251937513135,0.1595303246833775,0.3144649933931144
53,Oracle-label logistic,0,0,0,0,0.7129660433513667,0.22419998372563849,0.04502304410982401,0.017810928813170722
54,Oracle-label logistic,1,1,1,1,0.13546367625523562,0.3965075471530977,0.2388149056165649,0.22921387097510168
55,Oracle-label logistic,2,3,1,1,0.008522548909375474,0.29807662513455546,0.3108131844379167,0.38258764151815233
56,Oracle-label logistic,2,3,1,1,0.01815283642620011,0.31277700218094634,0.28404372242136655,0.38502643897148686
57,Oracle-label logistic,3,0,1,0,0.7535642078750997,0.2144287662908271,0.021093441063422022,0.01091358477065116
58,Oracle-label logistic,0,0,0,0,0.5507554952788374,0.3073057500591277,0.09040021149489182,0.051538543167143125
59,Oracle-label logistic,1,3,1,1,0.00669099225987469,0.11028144286817003,0.21298653440351736,0.670041030468438
60,Oracle-label logistic,0,0,0,1,0.38459831520230375,0.34050810762763906,0.14436131240244757,0.1305322647676097
61,Oracle-label logistic,2,3,1,1,0.010502105858527601,0.33029727889117083,0.2542767896548484,0.4049238255954532
62,Oracle-label logistic,1,1,1,1,0.15646074730305815,0.7469740978569966,0.05902058630331883,0.0375445685366264
63,Oracle-label logistic,3,3,1,1,0.007236467260090321,0.15105831614736664,0.19638350365107943,0.6453217129414637
64,Oracle-label logistic,2,3,1,1,0.04660897802920713,0.2457122063490797,0.26344116747014074,0.44423764815157246
65,Oracle-label logistic,2,3,1,1,0.030471269238400864,0.21835235091527194,0.2482628991077013,0.5029134807386259
66,Oracle-label logistic,3,0,1,0,0.7824790293165018,0.17816461034978848,0.023768106193532968,0.015588254140176682
67,Oracle-label logistic,1,3,1,1,0.0033443272378409533,0.13901846006673882,0.17625576170943705,0.6813814509859832
68,Oracle-label logistic,1,1,1,1,0.19232540298190506,0.4403116019417581,0.23739083298318805,0.1299721620931487
69,Oracle-label logistic,1,0,1,0,0.7844322644845063,0.17116068007196025,0.027214275188258846,0.017192780255274553
70,Oracle-label logistic,0,0,0,0,0.879327920513276,0.10072710235098281,0.015167513042693122,0.004777464093048061
71,Oracle-label logistic,2,1,1,1,0.08604570464229554,0.6873247003224928,0.12237309731099699,0.1042564977242147
72,Oracle-label logistic,0,0,0,0,0.9056973594012542,0.09097450799377406,0.0024464727145410326,0.000881659890430811
73,Oracle-label logistic,3,1,1,1,0.06416445720016231,0.7151310213563632,0.12992504878410535,0.09077947265936916
74,Oracle-label logistic,3,1,1,1,0.1890934071497683,0.7134314916480728,0.05078143662138414,0.04669366458077462
75,Oracle-label logistic,1,1,1,1,0.19070549274431509,0.4419637998477494,0.15294595043132908,0.21438475697660644
76,Oracle-label logistic,2,0,1,1,0.2741337236042847,0.2636240199396302,0.20805930303509668,0.25418295342098846
77,Oracle-label logistic,3,0,1,0,0.790963386102706,0.20199570374421832,0.005412010848011021,0.0016288993050646821
78,Oracle-label logistic,2,1,1,1,0.0494753251921565,0.7029469710784113,0.11827377031574973,0.12930393341368246
79,Oracle-label logistic,1,1,1,1,0.3422092716743066,0.5803949989630899,0.05411517113435693,0.02328055822824675
80,Oracle-label logistic,0,1,0,1,0.39510903005312314,0.5471423759531738,0.026690355065547258,0.031058238928155794
81,Oracle-label logistic,2,1,1,1,0.054555880260097674,0.7670737174712877,0.10427658957572548,0.07409381269288916
82,Oracle-label logistic,2,1,1,1,0.3137143028998825,0.6278095247956018,0.03395287356225189,0.024523298742263767
83,Oracle-label logistic,2,1,1,1,0.19285610282693672,0.751287570091587,0.03652904793685031,0.01932727914462595
84,Oracle-label logistic,3,1,1,1,0.03170472532150366,0.7257262254157054,0.12931061406203875,0.11325843520075222
85,Oracle-label logistic,2,1,1,1,0.15054747765784293,0.7787734410599448,0.04677125719873159,0.023907824083480706
86,Oracle-label logistic,3,1,1,1,0.07406759482698873,0.693392998964118,0.12207486671007985,0.1104645394988134
87,Oracle-label logistic,0,0,0,1,0.46760925335384623,0.3615328319086324,0.10626013946366415,0.06459777527385725
88,Oracle-label logistic,1,1,1,1,0.018748602002686035,0.43930204641079595,0.20585258934976983,0.33609676223674817
89,Oracle-label logistic,1,0,1,0,0.6780555261015914,0.24973515231363044,0.04526655562506026,0.02694276595971806
90,Oracle-label logistic,3,1,1,1,0.03986277515694132,0.7138406597936069,0.11930033528783954,0.12699622976161232
91,Oracle-label logistic,0,1,0,1,0.25336945499280894,0.6651960583804951,0.03696452804026812,0.04446995858642788
92,Oracle-label logistic,3,2,1,1,0.05517826579477424,0.2292396023722411,0.41350291660418764,0.302079215228797
93,Oracle-label logistic,1,1,1,1,0.42498568282350735,0.48819351587868604,0.0551823948683144,0.03163840642949239
94,Oracle-label logistic,0,0,0,1,0.4668453995578618,0.46131391027691526,0.05196727921697192,0.019873410948251125
95,Oracle-label logistic,3,1,1,1,0.035203965885040406,0.4630728151648852,0.14802128902425205,0.35370192992582244
96,Oracle-label logistic,0,0,0,0,0.598726685756805,0.3143977588398847,0.053349705420718076,0.03352584998259227
97,Oracle-label logistic,1,0,1,0,0.7666096171339375,0.22491094322652908,0.005613709161391546,0.0028657304781418897
98,Oracle-label logistic,1,1,1,1,0.1735115120465716,0.35879570747814304,0.27513088470254043,0.192561895772745
99,Oracle-label logistic,0,3,0,1,0.04299962793538812,0.1311940850357324,0.40684962473388103,0.41895666229499856
100,Oracle-label logistic,1,0,1,0,0.5953507266460326,0.3149050898471354,0.05790723056737797,0.03183695293945401
101,Oracle-label logistic,3,1,1,1,0.09565875256076699,0.7692353770792028,0.0750529594738644,0.060052910886165975
102,Oracle-label logistic,1,3,1,1,0.038166103628909764,0.3549754280325561,0.2051479369288774,0.40171053140965673
103,Oracle-label logistic,1,1,1,1,0.25207272612107917,0.6766110335413577,0.04357436773425646,0.027741872603306676
104,Oracle-label logistic,0,1,0,1,0.3741113731888955,0.5093874372418844,0.0688235214718926,0.047677668097327486
105,Oracle-label logistic,3,1,1,1,0.03340342285343636,0.6839613341304769,0.12722422440538586,0.15541101861070095
106,Oracle-label logistic,1,1,1,1,0.17904234397657845,0.7087590169789073,0.050230500554620396,0.06196813848989391
107,Oracle-label logistic,1,1,1,1,0.13442875865588105,0.7491911429340457,0.06789773685568071,0.04848236155439258
108,Oracle-label logistic,0,1,0,1,0.4020866862203823,0.46024715494164786,0.08821951605372519,0.04944664278424469
109,Oracle-label logistic,0,0,0,0,0.7103926881720293,0.26611080433696827,0.017173663845189216,0.006322843645813228
110,Oracle-label logistic,3,0,1,0,0.5363855139641462,0.41229157288380464,0.03106278455225037,0.020260128599798855
111,Oracle-label logistic,0,0,0,0,0.8482084621552047,0.14609317594420504,0.004266012570426608,0.00143234933016368
112,Oracle-label logistic,3,0,1,0,0.5956273553698987,0.3382902561639319,0.04599482574338501,0.020087562722784474
113,Oracle-label logistic,1,1,1,1,0.4689058975812314,0.47188085997244517,0.04337968073711877,0.01583356170920474
114,Oracle-label logistic,1,0,1,0,0.5124165319917673,0.4292362602943713,0.042546313187178796,0.015800894526682582
115,Oracle-label logistic,3,0,1,0,0.5736659923583509,0.3506999646077876,0.04992864119028515,0.025705401843576458
116,Oracle-label logistic,2,1,1,1,0.28953106936645207,0.37366781048344055,0.15667472466205407,0.18012639548805348
117,Oracle-label logistic,2,1,1,1,0.11763065713571183,0.7252636772269208,0.09054802568055959,0.06655763995680788
118,Oracle-label logistic,3,1,1,1,0.061353606156454285,0.7523651674519851,0.10490973498503296,0.08137149140652762
119,Oracle-label logistic,1,3,1,1,0.10569330513831288,0.2765335853407936,0.2826430079499066,0.33513010157098694
120,Oracle-label logistic,2,2,1,1,0.2119580865225779,0.2254856907566081,0.2909773025667362,0.27157892015407775
121,Oracle-label logistic,3,1,1,1,0.014634911179675705,0.40364305496639846,0.2096306345256471,0.37209139932827884
122,Oracle-label logistic,1,1,1,1,0.057750572592139324,0.5170363118869172,0.20221279592953845,0.22300031959140504
123,Oracle-label logistic,0,1,0,1,0.2942082255752079,0.46443059806141646,0.09852703572481174,0.14283414063856398
124,Oracle-label logistic,1,0,1,0,0.6189861744037262,0.3290088775475401,0.0333697085755656,0.018635239473168294
125,Oracle-label logistic,3,1,1,1,0.11893474932307968,0.4707676612428208,0.14552894430011135,0.2647686451339882
126,Oracle-label logistic,1,1,1,1,0.2578726275182591,0.6098405847964055,0.0764587717173577,0.0558280159679777
127,Oracle-label logistic,2,1,1,1,0.018739507647539344,0.5603820798883538,0.1552970023163033,0.26558141014780356
128,Oracle-label logistic,0,0,0,0,0.7730210451456502,0.20220427666408988,0.015624930952169248,0.009149747238090736
129,Oracle-label logistic,0,0,0,0,0.5484675905224188,0.3999589666765665,0.03456255042207429,0.01701089237894046
130,Oracle-label logistic,1,0,1,0,0.7333402980298577,0.20581059739286944,0.04211150695169287,0.018737597625580076
131,Oracle-label logistic,3,0,1,0,0.53936911768334,0.27628145672461507,0.06230570100085341,0.1220437245911916
132,Oracle-label logistic,1,0,1,1,0.4800598369350211,0.4572615995798617,0.04714118349000275,0.015537379995114538
133,Oracle-label logistic,0,0,0,0,0.8589486412766972,0.11236764908494669,0.017037878524467694,0.011645831113888446
134,Oracle-label logistic,3,1,1,1,0.12171351520521155,0.6200733545950575,0.0976565897824711,0.16055654041725986
135,Oracle-label logistic,0,0,0,1,0.4361712372437573,0.4106156571076207,0.05380933702661825,0.09940376862200362
136,Oracle-label logistic,3,0,1,0,0.6582681091435452,0.3149115977401744,0.0196444441495102,0.007175848966770273
137,Oracle-label logistic,3,0,1,0,0.8931693429549351,0.09559587425299455,0.007834264582316305,0.0034005182097541398
138,Oracle-label logistic,0,0,0,0,0.5954001167333449,0.27140299590558875,0.0850443552564565,0.04815253210460984
139,Oracle-label logistic,2,1,1,1,0.2726739955191265,0.6373506548684055,0.04417370699493658,0.0458016426175314
140,Oracle-label logistic,0,1,0,1,0.051199813557725925,0.7121483147173895,0.10255579383718565,0.13409607788769898
141,Oracle-label logistic,3,0,1,0,0.6231871519639387,0.26929408116968195,0.06567655420365595,0.041842212662723394
142,Oracle-label logistic,2,0,1,0,0.6584639477714324,0.30314417389561804,0.025046604193608404,0.013345274139341202
143,Oracle-label logistic,3,1,1,1,0.02130817249104819,0.6908968798843513,0.11297183281524685,0.17482311480935359
144,Oracle-label logistic,0,0,0,0,0.629194380212614,0.3174655029264589,0.034067284607888604,0.0192728322530385
145,Oracle-label logistic,0,0,0,0,0.7601775460695698,0.20868993652279097,0.01946706446005294,0.011665452947586294
146,Oracle-label logistic,0,1,0,1,0.15080561156789976,0.7634505260639587,0.05952229252465104,0.02622156984349054
147,Oracle-label logistic,1,0,1,1,0.42222839043581883,0.3691953860190648,0.12786548384400517,0.08071073970111116
148,Oracle-label logistic,3,1,1,1,0.13165364998800833,0.6054043760172817,0.1560943604356104,0.1068476135590996
149,Oracle-label logistic,3,0,1,0,0.5528580944541543,0.40670558594584744,0.027590316959071208,0.012846002640926914
150,Oracle-label logistic,0,1,0,1,0.08532595893336647,0.6836765810821506,0.12706590350546465,0.10393155647901839
151,Oracle-label logistic,3,1,1,1,0.15569338005885436,0.7229448410539344,0.06200314494136571,0.059358633945845486
152,Oracle-label logistic,1,1,1,1,0.11580775044482602,0.7774652901918447,0.055131385066694495,0.05159557429663477
153,Oracle-label logistic,1,1,1,1,0.04568540295517337,0.6920810003456344,0.1202922166971613,0.141941380002031
154,Oracle-label logistic,2,1,1,1,0.05172016048998452,0.676314923307831,0.11350107867639278,0.15846383752579168
155,Oracle-label logistic,2,0,1,1,0.49625309176915305,0.3946098592006692,0.07765288906679056,0.03148415996338717
156,Oracle-label logistic,2,1,1,1,0.12766601271619205,0.7056942572161947,0.0895544413850668,0.07708528868254652
157,Oracle-label logistic,2,1,1,1,0.14304698928282886,0.35925602701208775,0.20364833889575548,0.2940486448093279
158,Oracle-label logistic,2,0,1,1,0.41649419304849067,0.3919886574990733,0.11879471204790282,0.07272243740453328
159,Oracle-label logistic,1,0,1,0,0.5931076750371064,0.3430183916665564,0.04654356779954656,0.017330365496790723
160,Oracle-label logistic,3,1,1,1,0.025690674203102552,0.5064664300934804,0.18710009236199515,0.280742803341422
161,Oracle-label logistic,3,0,1,0,0.6566856405169202,0.33231280315797646,0.008640407179923336,0.0023611491451799318
162,Oracle-label logistic,3,3,1,1,0.010207846869459252,0.343851979018192,0.16471880580430098,0.4812213683080478
163,Oracle-label logistic,3,0,1,0,0.5423049231137524,0.36834692165059363,0.05847939102177785,0.030868764213876063
164,Oracle-label logistic,1,1,1,1,0.33523347514399043,0.36377348221321887,0.15063964865277635,0.15035339399001443
165,Oracle-label logistic,3,1,1,1,0.21711279559437915,0.6825042415617051,0.0738101934474766,0.02657276939643919
166,Oracle-label logistic,2,1,1,1,0.05215832725040705,0.4114830616738403,0.13715008401598391,0.3992085270597688
167,Oracle-label logistic,0,0,0,0,0.6546932091824212,0.30584758191149136,0.02303090125649242,0.016428307649595044
168,Oracle-label logistic,2,0,1,1,0.47975546988258405,0.3788486396495517,0.08958535666456156,0.05181053380330274
169,Oracle-label logistic,1,0,1,0,0.67711293678347,0.254836224757997,0.032496215260255444,0.03555462319827756
170,Oracle-label logistic,1,1,1,1,0.08020496681782494,0.7548065548983947,0.09005324292156947,0.07493523536221086
171,Oracle-label logistic,0,0,0,0,0.8054586097580226,0.16594273392217895,0.020334709889455235,0.008263946430343195
172,Oracle-label logistic,3,1,1,1,0.04770500807463209,0.6692019856465828,0.12093873763890321,0.16215426863988186
173,Oracle-label logistic,1,0,1,0,0.5313508239605709,0.37019852654347146,0.051838033254553814,0.046612616241403816
174,Oracle-label logistic,0,0,0,0,0.7325853673635998,0.22981882356224462,0.02333701541586885,0.014258793658286773
175,Oracle-label logistic,0,1,0,1,0.41993026444583303,0.4689845894433864,0.06241740126439295,0.0486677448463877
176,Oracle-label logistic,3,1,1,1,0.05317070791260891,0.5344461079737483,0.1571179472235909,0.2552652368900519
177,Oracle-label logistic,2,0,1,1,0.42675490788843934,0.37195583091511875,0.10190379331144596,0.09938546788499604
178,Oracle-label logistic,3,1,1,1,0.09261439250969337,0.4667074932113377,0.15870237362488768,0.2819757406540813
179,Oracle-label logistic,1,1,1,1,0.10509162956760745,0.4567540651298827,0.1963027634475977,0.241851541854912
180,Oracle-label logistic,1,1,1,1,0.3746621883571477,0.48466499960756776,0.059893998866422646,0.08077881316886189
181,Oracle-label logistic,0,0,0,0,0.6569021616002576,0.30229444506816144,0.0264943825660215,0.014309010765559453
182,Oracle-label logistic,1,1,1,1,0.044714361989943434,0.6040780700750094,0.12316359054406668,0.22804397739098065
183,Oracle-label logistic,1,1,1,1,0.13294756272300487,0.4217911725204315,0.20248990676350714,0.2427713579930565
184,Oracle-label logistic,0,1,0,1,0.07448892021573271,0.6616554366844198,0.10242394208270167,0.16143170101714574
185,Oracle-label logistic,1,0,1,0,0.7342760241004763,0.2524485836792622,0.009988267113780386,0.003287125106481168
186,Oracle-label logistic,3,1,1,1,0.4079990946071139,0.5725507444039379,0.011526838145414187,0.007923322843533996
187,Oracle-label logistic,2,1,1,1,0.2726739955191265,0.6373506548684055,0.04417370699493658,0.0458016426175314
188,Oracle-label logistic,2,1,1,1,0.08597685824981793,0.8357204483325507,0.04051958670158666,0.03778310671604474
189,Oracle-label logistic,0,0,0,0,0.650947537219302,0.3211493461387804,0.02170040909006675,0.006202707551850895
190,Oracle-label logistic,0,0,0,1,0.46160497370790227,0.19621884360319075,0.15049969227434432,0.19167649041456267
191,Oracle-label logistic,3,1,1,1,0.023757114593735012,0.4020983827903564,0.18926769546663041,0.38487680714927813
192,Oracle-label logistic,3,1,1,1,0.13319715925217332,0.6237572716352904,0.1200163128959939,0.12302925621654245
193,Oracle-label logistic,1,1,1,1,0.1427502039285777,0.691927302683937,0.09041544362149981,0.07490704976598565
194,Oracle-label logistic,2,0,1,0,0.7544684298036184,0.23338332417865026,0.009447921534145046,0.0027003244835862557
195,Oracle-label logistic,1,0,1,0,0.8607154544627527,0.11339413993065418,0.019736992697625938,0.0061534129089671884
196,Oracle-label logistic,0,0,0,0,0.8336755485712463,0.14424920907202093,0.013345032607857943,0.008730209748874819
197,Oracle-label logistic,2,1,1,1,0.3366765718067973,0.3974382681932045,0.1243375825544656,0.14154757744553273
198,Oracle-label logistic,0,0,0,0,0.6465292450222287,0.3017350075877596,0.03126668350286802,0.020469063887143698
199,Oracle-label logistic,1,1,1,1,0.40277469327322407,0.5181828157416764,0.02729085683565652,0.051751634149442866
