repeat,fold,split_id,definition,observed_class,canonical_class,probability
1,1,R1F1,HbA1c,0,0,0.9887005649717514
1,1,R1F1,HbA1c,0,1,0.46488294314381273
1,1,R1F1,HbA1c,0,2,0.2
1,1,R1F1,HbA1c,1,0,0.005649717514124294
1,1,R1F1,HbA1c,1,1,0.5317725752508361
1,1,R1F1,HbA1c,1,2,0.45454545454545453
1,1,R1F1,HbA1c,2,0,0.005649717514124294
1,1,R1F1,HbA1c,2,1,0.0033444816053511705
1,1,R1F1,HbA1c,2,2,0.34545454545454546
1,1,R1F1,FPG,0,0,0.9887005649717514
1,1,R1F1,FPG,0,1,0.19732441471571907
1,1,R1F1,FPG,0,2,0.01818181818181818
1,1,R1F1,FPG,1,0,0.005649717514124294
1,1,R1F1,FPG,1,1,0.7993311036789298
1,1,R1F1,FPG,1,2,0.45454545454545453
1,1,R1F1,FPG,2,0,0.005649717514124294
1,1,R1F1,FPG,2,1,0.0033444816053511705
1,1,R1F1,FPG,2,2,0.5272727272727272
1,1,R1F1,OGTT,0,0,0.9887005649717514
1,1,R1F1,OGTT,0,1,0.6588628762541806
1,1,R1F1,OGTT,0,2,0.16363636363636364
1,1,R1F1,OGTT,1,0,0.005649717514124294
1,1,R1F1,OGTT,1,1,0.3377926421404682
1,1,R1F1,OGTT,1,2,0.3090909090909091
1,1,R1F1,OGTT,2,0,0.005649717514124294
1,1,R1F1,OGTT,2,1,0.0033444816053511705
1,1,R1F1,OGTT,2,2,0.5272727272727272
1,2,R1F2,HbA1c,0,0,0.9887005649717514
1,2,R1F2,HbA1c,0,1,0.5757575757575758
1,2,R1F2,HbA1c,0,2,0.2982456140350877
1,2,R1F2,HbA1c,1,0,0.005649717514124294
1,2,R1F2,HbA1c,1,1,0.4208754208754209
1,2,R1F2,HbA1c,1,2,0.43859649122807015
1,2,R1F2,HbA1c,2,0,0.005649717514124294
1,2,R1F2,HbA1c,2,1,0.003367003367003367
1,2,R1F2,HbA1c,2,2,0.2631578947368421
1,2,R1F2,FPG,0,0,0.9887005649717514
1,2,R1F2,FPG,0,1,0.13804713804713806
1,2,R1F2,FPG,0,2,0.15789473684210525
1,2,R1F2,FPG,1,0,0.005649717514124294
1,2,R1F2,FPG,1,1,0.8585858585858586
1,2,R1F2,FPG,1,2,0.5087719298245614
1,2,R1F2,FPG,2,0,0.005649717514124294
1,2,R1F2,FPG,2,1,0.003367003367003367
1,2,R1F2,FPG,2,2,0.3333333333333333
1,2,R1F2,OGTT,0,0,0.9887005649717514
1,2,R1F2,OGTT,0,1,0.6632996632996633
1,2,R1F2,OGTT,0,2,0.05263157894736842
1,2,R1F2,OGTT,1,0,0.005649717514124294
1,2,R1F2,OGTT,1,1,0.3333333333333333
1,2,R1F2,OGTT,1,2,0.19298245614035087
1,2,R1F2,OGTT,2,0,0.005649717514124294
1,2,R1F2,OGTT,2,1,0.003367003367003367
1,2,R1F2,OGTT,2,2,0.7543859649122807
1,3,R1F3,HbA1c,0,0,0.9887005649717514
1,3,R1F3,HbA1c,0,1,0.42474916387959866
1,3,R1F3,HbA1c,0,2,0.12727272727272726
1,3,R1F3,HbA1c,1,0,0.005649717514124294
1,3,R1F3,HbA1c,1,1,0.5719063545150501
1,3,R1F3,HbA1c,1,2,0.45454545454545453
1,3,R1F3,HbA1c,2,0,0.005649717514124294
1,3,R1F3,HbA1c,2,1,0.0033444816053511705
1,3,R1F3,HbA1c,2,2,0.41818181818181815
1,3,R1F3,FPG,0,0,0.9887005649717514
1,3,R1F3,FPG,0,1,0.17725752508361203
1,3,R1F3,FPG,0,2,0.05454545454545454
1,3,R1F3,FPG,1,0,0.005649717514124294
1,3,R1F3,FPG,1,1,0.8193979933110368
1,3,R1F3,FPG,1,2,0.34545454545454546
1,3,R1F3,FPG,2,0,0.005649717514124294
1,3,R1F3,FPG,2,1,0.0033444816053511705
1,3,R1F3,FPG,2,2,0.6
1,3,R1F3,OGTT,0,0,0.9887005649717514
1,3,R1F3,OGTT,0,1,0.6923076923076923
1,3,R1F3,OGTT,0,2,0.05454545454545454
1,3,R1F3,OGTT,1,0,0.005649717514124294
1,3,R1F3,OGTT,1,1,0.30434782608695654
1,3,R1F3,OGTT,1,2,0.3090909090909091
1,3,R1F3,OGTT,2,0,0.005649717514124294
1,3,R1F3,OGTT,2,1,0.0033444816053511705
1,3,R1F3,OGTT,2,2,0.6363636363636364
1,4,R1F4,HbA1c,0,0,0.9887005649717514
1,4,R1F4,HbA1c,0,1,0.5719063545150501
1,4,R1F4,HbA1c,0,2,0.3090909090909091
1,4,R1F4,HbA1c,1,0,0.005649717514124294
1,4,R1F4,HbA1c,1,1,0.42474916387959866
1,4,R1F4,HbA1c,1,2,0.41818181818181815
1,4,R1F4,HbA1c,2,0,0.005649717514124294
1,4,R1F4,HbA1c,2,1,0.0033444816053511705
1,4,R1F4,HbA1c,2,2,0.2727272727272727
1,4,R1F4,FPG,0,0,0.9887005649717514
1,4,R1F4,FPG,0,1,0.2040133779264214
1,4,R1F4,FPG,0,2,0.05454545454545454
1,4,R1F4,FPG,1,0,0.005649717514124294
1,4,R1F4,FPG,1,1,0.7926421404682275
1,4,R1F4,FPG,1,2,0.2727272727272727
1,4,R1F4,FPG,2,0,0.005649717514124294
1,4,R1F4,FPG,2,1,0.0033444816053511705
1,4,R1F4,FPG,2,2,0.6727272727272727
1,4,R1F4,OGTT,0,0,0.9887005649717514
1,4,R1F4,OGTT,0,1,0.7123745819397993
1,4,R1F4,OGTT,0,2,0.2
1,4,R1F4,OGTT,1,0,0.005649717514124294
1,4,R1F4,OGTT,1,1,0.2842809364548495
1,4,R1F4,OGTT,1,2,0.16363636363636364
1,4,R1F4,OGTT,2,0,0.005649717514124294
1,4,R1F4,OGTT,2,1,0.0033444816053511705
1,4,R1F4,OGTT,2,2,0.6363636363636364
1,5,R1F5,HbA1c,0,0,0.9887005649717514
1,5,R1F5,HbA1c,0,1,0.5451505016722408
1,5,R1F5,HbA1c,0,2,0.3090909090909091
1,5,R1F5,HbA1c,1,0,0.005649717514124294
1,5,R1F5,HbA1c,1,1,0.451505016722408
1,5,R1F5,HbA1c,1,2,0.5636363636363636
1,5,R1F5,HbA1c,2,0,0.005649717514124294
1,5,R1F5,HbA1c,2,1,0.0033444816053511705
1,5,R1F5,HbA1c,2,2,0.12727272727272726
1,5,R1F5,FPG,0,0,0.9887005649717514
1,5,R1F5,FPG,0,1,0.22408026755852842
1,5,R1F5,FPG,0,2,0.09090909090909091
1,5,R1F5,FPG,1,0,0.005649717514124294
1,5,R1F5,FPG,1,1,0.7725752508361204
1,5,R1F5,FPG,1,2,0.3090909090909091
1,5,R1F5,FPG,2,0,0.005649717514124294
1,5,R1F5,FPG,2,1,0.0033444816053511705
1,5,R1F5,FPG,2,2,0.6
1,5,R1F5,OGTT,0,0,0.9887005649717514
1,5,R1F5,OGTT,0,1,0.7591973244147158
1,5,R1F5,OGTT,0,2,0.16363636363636364
1,5,R1F5,OGTT,1,0,0.005649717514124294
1,5,R1F5,OGTT,1,1,0.23745819397993312
1,5,R1F5,OGTT,1,2,0.2727272727272727
1,5,R1F5,OGTT,2,0,0.005649717514124294
1,5,R1F5,OGTT,2,1,0.0033444816053511705
1,5,R1F5,OGTT,2,2,0.5636363636363636
2,1,R2F1,HbA1c,0,0,0.9887005649717514
2,1,R2F1,HbA1c,0,1,0.5986622073578596
2,1,R2F1,HbA1c,0,2,0.23636363636363636
2,1,R2F1,HbA1c,1,0,0.005649717514124294
2,1,R2F1,HbA1c,1,1,0.3979933110367893
2,1,R2F1,HbA1c,1,2,0.5272727272727272
2,1,R2F1,HbA1c,2,0,0.005649717514124294
2,1,R2F1,HbA1c,2,1,0.0033444816053511705
2,1,R2F1,HbA1c,2,2,0.23636363636363636
2,1,R2F1,FPG,0,0,0.9887005649717514
2,1,R2F1,FPG,0,1,0.13712374581939799
2,1,R2F1,FPG,0,2,0.05454545454545454
2,1,R2F1,FPG,1,0,0.005649717514124294
2,1,R2F1,FPG,1,1,0.8595317725752508
2,1,R2F1,FPG,1,2,0.23636363636363636
2,1,R2F1,FPG,2,0,0.005649717514124294
2,1,R2F1,FPG,2,1,0.0033444816053511705
2,1,R2F1,FPG,2,2,0.7090909090909091
2,1,R2F1,OGTT,0,0,0.9887005649717514
2,1,R2F1,OGTT,0,1,0.6989966555183946
2,1,R2F1,OGTT,0,2,0.12727272727272726
2,1,R2F1,OGTT,1,0,0.005649717514124294
2,1,R2F1,OGTT,1,1,0.2976588628762542
2,1,R2F1,OGTT,1,2,0.3090909090909091
2,1,R2F1,OGTT,2,0,0.005649717514124294
2,1,R2F1,OGTT,2,1,0.0033444816053511705
2,1,R2F1,OGTT,2,2,0.5636363636363636
2,2,R2F2,HbA1c,0,0,0.9887005649717514
2,2,R2F2,HbA1c,0,1,0.5488215488215489
2,2,R2F2,HbA1c,0,2,0.3684210526315789
2,2,R2F2,HbA1c,1,0,0.005649717514124294
2,2,R2F2,HbA1c,1,1,0.4478114478114478
2,2,R2F2,HbA1c,1,2,0.5789473684210527
2,2,R2F2,HbA1c,2,0,0.005649717514124294
2,2,R2F2,HbA1c,2,1,0.003367003367003367
2,2,R2F2,HbA1c,2,2,0.05263157894736842
2,2,R2F2,FPG,0,0,0.9887005649717514
2,2,R2F2,FPG,0,1,0.1919191919191919
2,2,R2F2,FPG,0,2,0.08771929824561403
2,2,R2F2,FPG,1,0,0.005649717514124294
2,2,R2F2,FPG,1,1,0.8047138047138047
2,2,R2F2,FPG,1,2,0.3684210526315789
2,2,R2F2,FPG,2,0,0.005649717514124294
2,2,R2F2,FPG,2,1,0.003367003367003367
2,2,R2F2,FPG,2,2,0.543859649122807
2,2,R2F2,OGTT,0,0,0.9887005649717514
2,2,R2F2,OGTT,0,1,0.6767676767676768
2,2,R2F2,OGTT,0,2,0.15789473684210525
2,2,R2F2,OGTT,1,0,0.005649717514124294
2,2,R2F2,OGTT,1,1,0.31986531986531985
2,2,R2F2,OGTT,1,2,0.22807017543859648
2,2,R2F2,OGTT,2,0,0.005649717514124294
2,2,R2F2,OGTT,2,1,0.003367003367003367
2,2,R2F2,OGTT,2,2,0.6140350877192983
2,3,R2F3,HbA1c,0,0,0.9887005649717514
2,3,R2F3,HbA1c,0,1,0.4983277591973244
2,3,R2F3,HbA1c,0,2,0.34545454545454546
2,3,R2F3,HbA1c,1,0,0.005649717514124294
2,3,R2F3,HbA1c,1,1,0.4983277591973244
2,3,R2F3,HbA1c,1,2,0.41818181818181815
2,3,R2F3,HbA1c,2,0,0.005649717514124294
2,3,R2F3,HbA1c,2,1,0.0033444816053511705
2,3,R2F3,HbA1c,2,2,0.23636363636363636
2,3,R2F3,FPG,0,0,0.9887005649717514
2,3,R2F3,FPG,0,1,0.16387959866220736
2,3,R2F3,FPG,0,2,0.05454545454545454
2,3,R2F3,FPG,1,0,0.005649717514124294
2,3,R2F3,FPG,1,1,0.8327759197324415
2,3,R2F3,FPG,1,2,0.34545454545454546
2,3,R2F3,FPG,2,0,0.005649717514124294
2,3,R2F3,FPG,2,1,0.0033444816053511705
2,3,R2F3,FPG,2,2,0.6
2,3,R2F3,OGTT,0,0,0.9887005649717514
2,3,R2F3,OGTT,0,1,0.6722408026755853
2,3,R2F3,OGTT,0,2,0.16363636363636364
2,3,R2F3,OGTT,1,0,0.005649717514124294
2,3,R2F3,OGTT,1,1,0.32441471571906355
2,3,R2F3,OGTT,1,2,0.16363636363636364
2,3,R2F3,OGTT,2,0,0.005649717514124294
2,3,R2F3,OGTT,2,1,0.0033444816053511705
2,3,R2F3,OGTT,2,2,0.6727272727272727
2,4,R2F4,HbA1c,0,0,0.9887005649717514
2,4,R2F4,HbA1c,0,1,0.5585284280936454
2,4,R2F4,HbA1c,0,2,0.3090909090909091
2,4,R2F4,HbA1c,1,0,0.005649717514124294
2,4,R2F4,HbA1c,1,1,0.43812709030100333
2,4,R2F4,HbA1c,1,2,0.38181818181818183
2,4,R2F4,HbA1c,2,0,0.005649717514124294
2,4,R2F4,HbA1c,2,1,0.0033444816053511705
2,4,R2F4,HbA1c,2,2,0.3090909090909091
2,4,R2F4,FPG,0,0,0.9887005649717514
2,4,R2F4,FPG,0,1,0.18394648829431437
2,4,R2F4,FPG,0,2,0.12727272727272726
2,4,R2F4,FPG,1,0,0.005649717514124294
2,4,R2F4,FPG,1,1,0.8127090301003345
2,4,R2F4,FPG,1,2,0.2
2,4,R2F4,FPG,2,0,0.005649717514124294
2,4,R2F4,FPG,2,1,0.0033444816053511705
2,4,R2F4,FPG,2,2,0.6727272727272727
2,4,R2F4,OGTT,0,0,0.9887005649717514
2,4,R2F4,OGTT,0,1,0.705685618729097
2,4,R2F4,OGTT,0,2,0.16363636363636364
2,4,R2F4,OGTT,1,0,0.005649717514124294
2,4,R2F4,OGTT,1,1,0.2909698996655518
2,4,R2F4,OGTT,1,2,0.12727272727272726
2,4,R2F4,OGTT,2,0,0.005649717514124294
2,4,R2F4,OGTT,2,1,0.0033444816053511705
2,4,R2F4,OGTT,2,2,0.7090909090909091
2,5,R2F5,HbA1c,0,0,0.9887005649717514
2,5,R2F5,HbA1c,0,1,0.5317725752508361
2,5,R2F5,HbA1c,0,2,0.12727272727272726
2,5,R2F5,HbA1c,1,0,0.005649717514124294
2,5,R2F5,HbA1c,1,1,0.46488294314381273
2,5,R2F5,HbA1c,1,2,0.45454545454545453
2,5,R2F5,HbA1c,2,0,0.005649717514124294
2,5,R2F5,HbA1c,2,1,0.0033444816053511705
2,5,R2F5,HbA1c,2,2,0.41818181818181815
2,5,R2F5,FPG,0,0,0.9887005649717514
2,5,R2F5,FPG,0,1,0.11705685618729098
2,5,R2F5,FPG,0,2,0.01818181818181818
2,5,R2F5,FPG,1,0,0.005649717514124294
2,5,R2F5,FPG,1,1,0.8795986622073578
2,5,R2F5,FPG,1,2,0.34545454545454546
2,5,R2F5,FPG,2,0,0.005649717514124294
2,5,R2F5,FPG,2,1,0.0033444816053511705
2,5,R2F5,FPG,2,2,0.6363636363636364
2,5,R2F5,OGTT,0,0,0.9887005649717514
2,5,R2F5,OGTT,0,1,0.725752508361204
2,5,R2F5,OGTT,0,2,0.2
2,5,R2F5,OGTT,1,0,0.005649717514124294
2,5,R2F5,OGTT,1,1,0.2709030100334448
2,5,R2F5,OGTT,1,2,0.12727272727272726
2,5,R2F5,OGTT,2,0,0.005649717514124294
2,5,R2F5,OGTT,2,1,0.0033444816053511705
2,5,R2F5,OGTT,2,2,0.6727272727272727
3,1,R3F1,HbA1c,0,0,0.9887005649717514
3,1,R3F1,HbA1c,0,1,0.5652173913043478
3,1,R3F1,HbA1c,0,2,0.2
3,1,R3F1,HbA1c,1,0,0.005649717514124294
3,1,R3F1,HbA1c,1,1,0.431438127090301
3,1,R3F1,HbA1c,1,2,0.38181818181818183
3,1,R3F1,HbA1c,2,0,0.005649717514124294
3,1,R3F1,HbA1c,2,1,0.0033444816053511705
3,1,R3F1,HbA1c,2,2,0.41818181818181815
3,1,R3F1,FPG,0,0,0.9887005649717514
3,1,R3F1,FPG,0,1,0.11705685618729098
3,1,R3F1,FPG,0,2,0.05454545454545454
3,1,R3F1,FPG,1,0,0.005649717514124294
3,1,R3F1,FPG,1,1,0.8795986622073578
3,1,R3F1,FPG,1,2,0.5636363636363636
3,1,R3F1,FPG,2,0,0.005649717514124294
3,1,R3F1,FPG,2,1,0.0033444816053511705
3,1,R3F1,FPG,2,2,0.38181818181818183
3,1,R3F1,OGTT,0,0,0.9887005649717514
3,1,R3F1,OGTT,0,1,0.6989966555183946
3,1,R3F1,OGTT,0,2,0.05454545454545454
3,1,R3F1,OGTT,1,0,0.005649717514124294
3,1,R3F1,OGTT,1,1,0.2976588628762542
3,1,R3F1,OGTT,1,2,0.23636363636363636
3,1,R3F1,OGTT,2,0,0.005649717514124294
3,1,R3F1,OGTT,2,1,0.0033444816053511705
3,1,R3F1,OGTT,2,2,0.7090909090909091
3,2,R3F2,HbA1c,0,0,0.9887005649717514
3,2,R3F2,HbA1c,0,1,0.5151515151515151
3,2,R3F2,HbA1c,0,2,0.22807017543859648
3,2,R3F2,HbA1c,1,0,0.005649717514124294
3,2,R3F2,HbA1c,1,1,0.48148148148148145
3,2,R3F2,HbA1c,1,2,0.543859649122807
3,2,R3F2,HbA1c,2,0,0.005649717514124294
3,2,R3F2,HbA1c,2,1,0.003367003367003367
3,2,R3F2,HbA1c,2,2,0.22807017543859648
3,2,R3F2,FPG,0,0,0.9887005649717514
3,2,R3F2,FPG,0,1,0.1447811447811448
3,2,R3F2,FPG,0,2,0.08771929824561403
3,2,R3F2,FPG,1,0,0.005649717514124294
3,2,R3F2,FPG,1,1,0.8518518518518519
3,2,R3F2,FPG,1,2,0.3684210526315789
3,2,R3F2,FPG,2,0,0.005649717514124294
3,2,R3F2,FPG,2,1,0.003367003367003367
3,2,R3F2,FPG,2,2,0.543859649122807
3,2,R3F2,OGTT,0,0,0.9887005649717514
3,2,R3F2,OGTT,0,1,0.7037037037037037
3,2,R3F2,OGTT,0,2,0.12280701754385964
3,2,R3F2,OGTT,1,0,0.005649717514124294
3,2,R3F2,OGTT,1,1,0.29292929292929293
3,2,R3F2,OGTT,1,2,0.22807017543859648
3,2,R3F2,OGTT,2,0,0.005649717514124294
3,2,R3F2,OGTT,2,1,0.003367003367003367
3,2,R3F2,OGTT,2,2,0.6491228070175439
3,3,R3F3,HbA1c,0,0,0.9887005649717514
3,3,R3F3,HbA1c,0,1,0.5451505016722408
3,3,R3F3,HbA1c,0,2,0.16363636363636364
3,3,R3F3,HbA1c,1,0,0.005649717514124294
3,3,R3F3,HbA1c,1,1,0.451505016722408
3,3,R3F3,HbA1c,1,2,0.2727272727272727
3,3,R3F3,HbA1c,2,0,0.005649717514124294
3,3,R3F3,HbA1c,2,1,0.0033444816053511705
3,3,R3F3,HbA1c,2,2,0.5636363636363636
3,3,R3F3,FPG,0,0,0.9887005649717514
3,3,R3F3,FPG,0,1,0.19732441471571907
3,3,R3F3,FPG,0,2,0.05454545454545454
3,3,R3F3,FPG,1,0,0.005649717514124294
3,3,R3F3,FPG,1,1,0.7993311036789298
3,3,R3F3,FPG,1,2,0.3090909090909091
3,3,R3F3,FPG,2,0,0.005649717514124294
3,3,R3F3,FPG,2,1,0.0033444816053511705
3,3,R3F3,FPG,2,2,0.6363636363636364
3,3,R3F3,OGTT,0,0,0.9887005649717514
3,3,R3F3,OGTT,0,1,0.6454849498327759
3,3,R3F3,OGTT,0,2,0.2
3,3,R3F3,OGTT,1,0,0.005649717514124294
3,3,R3F3,OGTT,1,1,0.3511705685618729
3,3,R3F3,OGTT,1,2,0.16363636363636364
3,3,R3F3,OGTT,2,0,0.005649717514124294
3,3,R3F3,OGTT,2,1,0.0033444816053511705
3,3,R3F3,OGTT,2,2,0.6363636363636364
3,4,R3F4,HbA1c,0,0,0.9887005649717514
3,4,R3F4,HbA1c,0,1,0.5384615384615384
3,4,R3F4,HbA1c,0,2,0.2727272727272727
3,4,R3F4,HbA1c,1,0,0.005649717514124294
3,4,R3F4,HbA1c,1,1,0.45819397993311034
3,4,R3F4,HbA1c,1,2,0.45454545454545453
3,4,R3F4,HbA1c,2,0,0.005649717514124294
3,4,R3F4,HbA1c,2,1,0.0033444816053511705
3,4,R3F4,HbA1c,2,2,0.2727272727272727
3,4,R3F4,FPG,0,0,0.9887005649717514
3,4,R3F4,FPG,0,1,0.16387959866220736
3,4,R3F4,FPG,0,2,0.05454545454545454
3,4,R3F4,FPG,1,0,0.005649717514124294
3,4,R3F4,FPG,1,1,0.8327759197324415
3,4,R3F4,FPG,1,2,0.3090909090909091
3,4,R3F4,FPG,2,0,0.005649717514124294
3,4,R3F4,FPG,2,1,0.0033444816053511705
3,4,R3F4,FPG,2,2,0.6363636363636364
3,4,R3F4,OGTT,0,0,0.9887005649717514
3,4,R3F4,OGTT,0,1,0.7324414715719063
3,4,R3F4,OGTT,0,2,0.2
3,4,R3F4,OGTT,1,0,0.005649717514124294
3,4,R3F4,OGTT,1,1,0.26421404682274247
3,4,R3F4,OGTT,1,2,0.2727272727272727
3,4,R3F4,OGTT,2,0,0.005649717514124294
3,4,R3F4,OGTT,2,1,0.0033444816053511705
3,4,R3F4,OGTT,2,2,0.5272727272727272
3,5,R3F5,HbA1c,0,0,0.9887005649717514
3,5,R3F5,HbA1c,0,1,0.4916387959866221
3,5,R3F5,HbA1c,0,2,0.12727272727272726
3,5,R3F5,HbA1c,1,0,0.005649717514124294
3,5,R3F5,HbA1c,1,1,0.5050167224080268
3,5,R3F5,HbA1c,1,2,0.5636363636363636
3,5,R3F5,HbA1c,2,0,0.005649717514124294
3,5,R3F5,HbA1c,2,1,0.0033444816053511705
3,5,R3F5,HbA1c,2,2,0.3090909090909091
3,5,R3F5,FPG,0,0,0.9887005649717514
3,5,R3F5,FPG,0,1,0.1505016722408027
3,5,R3F5,FPG,0,2,0.05454545454545454
3,5,R3F5,FPG,1,0,0.005649717514124294
3,5,R3F5,FPG,1,1,0.8461538461538461
3,5,R3F5,FPG,1,2,0.16363636363636364
3,5,R3F5,FPG,2,0,0.005649717514124294
3,5,R3F5,FPG,2,1,0.0033444816053511705
3,5,R3F5,FPG,2,2,0.7818181818181819
3,5,R3F5,OGTT,0,0,0.9887005649717514
3,5,R3F5,OGTT,0,1,0.7190635451505016
3,5,R3F5,OGTT,0,2,0.12727272727272726
3,5,R3F5,OGTT,1,0,0.005649717514124294
3,5,R3F5,OGTT,1,1,0.27759197324414714
3,5,R3F5,OGTT,1,2,0.23636363636363636
3,5,R3F5,OGTT,2,0,0.005649717514124294
3,5,R3F5,OGTT,2,1,0.0033444816053511705
3,5,R3F5,OGTT,2,2,0.6363636363636364
4,1,R4F1,HbA1c,0,0,0.9887005649717514
4,1,R4F1,HbA1c,0,1,0.4782608695652174
4,1,R4F1,HbA1c,0,2,0.23636363636363636
4,1,R4F1,HbA1c,1,0,0.005649717514124294
4,1,R4F1,HbA1c,1,1,0.5183946488294314
4,1,R4F1,HbA1c,1,2,0.45454545454545453
4,1,R4F1,HbA1c,2,0,0.005649717514124294
4,1,R4F1,HbA1c,2,1,0.0033444816053511705
4,1,R4F1,HbA1c,2,2,0.3090909090909091
4,1,R4F1,FPG,0,0,0.9887005649717514
4,1,R4F1,FPG,0,1,0.21739130434782608
4,1,R4F1,FPG,0,2,0.05454545454545454
4,1,R4F1,FPG,1,0,0.005649717514124294
4,1,R4F1,FPG,1,1,0.7792642140468228
4,1,R4F1,FPG,1,2,0.34545454545454546
4,1,R4F1,FPG,2,0,0.005649717514124294
4,1,R4F1,FPG,2,1,0.0033444816053511705
4,1,R4F1,FPG,2,2,0.6
4,1,R4F1,OGTT,0,0,0.9887005649717514
4,1,R4F1,OGTT,0,1,0.6254180602006689
4,1,R4F1,OGTT,0,2,0.2
4,1,R4F1,OGTT,1,0,0.005649717514124294
4,1,R4F1,OGTT,1,1,0.3712374581939799
4,1,R4F1,OGTT,1,2,0.16363636363636364
4,1,R4F1,OGTT,2,0,0.005649717514124294
4,1,R4F1,OGTT,2,1,0.0033444816053511705
4,1,R4F1,OGTT,2,2,0.6363636363636364
4,2,R4F2,HbA1c,0,0,0.9887005649717514
4,2,R4F2,HbA1c,0,1,0.5757575757575758
4,2,R4F2,HbA1c,0,2,0.40350877192982454
4,2,R4F2,HbA1c,1,0,0.005649717514124294
4,2,R4F2,HbA1c,1,1,0.4208754208754209
4,2,R4F2,HbA1c,1,2,0.2982456140350877
4,2,R4F2,HbA1c,2,0,0.005649717514124294
4,2,R4F2,HbA1c,2,1,0.003367003367003367
4,2,R4F2,HbA1c,2,2,0.2982456140350877
4,2,R4F2,FPG,0,0,0.9887005649717514
4,2,R4F2,FPG,0,1,0.16498316498316498
4,2,R4F2,FPG,0,2,0.15789473684210525
4,2,R4F2,FPG,1,0,0.005649717514124294
4,2,R4F2,FPG,1,1,0.8316498316498316
4,2,R4F2,FPG,1,2,0.3333333333333333
4,2,R4F2,FPG,2,0,0.005649717514124294
4,2,R4F2,FPG,2,1,0.003367003367003367
4,2,R4F2,FPG,2,2,0.5087719298245614
4,2,R4F2,OGTT,0,0,0.9887005649717514
4,2,R4F2,OGTT,0,1,0.7239057239057239
4,2,R4F2,OGTT,0,2,0.12280701754385964
4,2,R4F2,OGTT,1,0,0.005649717514124294
4,2,R4F2,OGTT,1,1,0.2727272727272727
4,2,R4F2,OGTT,1,2,0.19298245614035087
4,2,R4F2,OGTT,2,0,0.005649717514124294
4,2,R4F2,OGTT,2,1,0.003367003367003367
4,2,R4F2,OGTT,2,2,0.6842105263157895
4,3,R4F3,HbA1c,0,0,0.9887005649717514
4,3,R4F3,HbA1c,0,1,0.5652173913043478
4,3,R4F3,HbA1c,0,2,0.2
4,3,R4F3,HbA1c,1,0,0.005649717514124294
4,3,R4F3,HbA1c,1,1,0.431438127090301
4,3,R4F3,HbA1c,1,2,0.4909090909090909
4,3,R4F3,HbA1c,2,0,0.005649717514124294
4,3,R4F3,HbA1c,2,1,0.0033444816053511705
4,3,R4F3,HbA1c,2,2,0.3090909090909091
4,3,R4F3,FPG,0,0,0.9887005649717514
4,3,R4F3,FPG,0,1,0.11036789297658862
4,3,R4F3,FPG,0,2,0.12727272727272726
4,3,R4F3,FPG,1,0,0.005649717514124294
4,3,R4F3,FPG,1,1,0.8862876254180602
4,3,R4F3,FPG,1,2,0.3090909090909091
4,3,R4F3,FPG,2,0,0.005649717514124294
4,3,R4F3,FPG,2,1,0.0033444816053511705
4,3,R4F3,FPG,2,2,0.5636363636363636
4,3,R4F3,OGTT,0,0,0.9887005649717514
4,3,R4F3,OGTT,0,1,0.6588628762541806
4,3,R4F3,OGTT,0,2,0.2
4,3,R4F3,OGTT,1,0,0.005649717514124294
4,3,R4F3,OGTT,1,1,0.3377926421404682
4,3,R4F3,OGTT,1,2,0.23636363636363636
4,3,R4F3,OGTT,2,0,0.005649717514124294
4,3,R4F3,OGTT,2,1,0.0033444816053511705
4,3,R4F3,OGTT,2,2,0.5636363636363636
4,4,R4F4,HbA1c,0,0,0.9887005649717514
4,4,R4F4,HbA1c,0,1,0.5317725752508361
4,4,R4F4,HbA1c,0,2,0.2727272727272727
4,4,R4F4,HbA1c,1,0,0.005649717514124294
4,4,R4F4,HbA1c,1,1,0.46488294314381273
4,4,R4F4,HbA1c,1,2,0.41818181818181815
4,4,R4F4,HbA1c,2,0,0.005649717514124294
4,4,R4F4,HbA1c,2,1,0.0033444816053511705
4,4,R4F4,HbA1c,2,2,0.3090909090909091
4,4,R4F4,FPG,0,0,0.9887005649717514
4,4,R4F4,FPG,0,1,0.21070234113712374
4,4,R4F4,FPG,0,2,0.05454545454545454
4,4,R4F4,FPG,1,0,0.005649717514124294
4,4,R4F4,FPG,1,1,0.7859531772575251
4,4,R4F4,FPG,1,2,0.38181818181818183
4,4,R4F4,FPG,2,0,0.005649717514124294
4,4,R4F4,FPG,2,1,0.0033444816053511705
4,4,R4F4,FPG,2,2,0.5636363636363636
4,4,R4F4,OGTT,0,0,0.9887005649717514
4,4,R4F4,OGTT,0,1,0.6923076923076923
4,4,R4F4,OGTT,0,2,0.12727272727272726
4,4,R4F4,OGTT,1,0,0.005649717514124294
4,4,R4F4,OGTT,1,1,0.30434782608695654
4,4,R4F4,OGTT,1,2,0.12727272727272726
4,4,R4F4,OGTT,2,0,0.005649717514124294
4,4,R4F4,OGTT,2,1,0.0033444816053511705
4,4,R4F4,OGTT,2,2,0.7454545454545455
4,5,R4F5,HbA1c,0,0,0.9887005649717514
4,5,R4F5,HbA1c,0,1,0.451505016722408
4,5,R4F5,HbA1c,0,2,0.23636363636363636
4,5,R4F5,HbA1c,1,0,0.005649717514124294
4,5,R4F5,HbA1c,1,1,0.5451505016722408
4,5,R4F5,HbA1c,1,2,0.41818181818181815
4,5,R4F5,HbA1c,2,0,0.005649717514124294
4,5,R4F5,HbA1c,2,1,0.0033444816053511705
4,5,R4F5,HbA1c,2,2,0.34545454545454546
4,5,R4F5,FPG,0,0,0.9887005649717514
4,5,R4F5,FPG,0,1,0.21739130434782608
4,5,R4F5,FPG,0,2,0.05454545454545454
4,5,R4F5,FPG,1,0,0.005649717514124294
4,5,R4F5,FPG,1,1,0.7792642140468228
4,5,R4F5,FPG,1,2,0.38181818181818183
4,5,R4F5,FPG,2,0,0.005649717514124294
4,5,R4F5,FPG,2,1,0.0033444816053511705
4,5,R4F5,FPG,2,2,0.5636363636363636
4,5,R4F5,OGTT,0,0,0.9887005649717514
4,5,R4F5,OGTT,0,1,0.7190635451505016
4,5,R4F5,OGTT,0,2,0.09090909090909091
4,5,R4F5,OGTT,1,0,0.005649717514124294
4,5,R4F5,OGTT,1,1,0.27759197324414714
4,5,R4F5,OGTT,1,2,0.2727272727272727
4,5,R4F5,OGTT,2,0,0.005649717514124294
4,5,R4F5,OGTT,2,1,0.0033444816053511705
4,5,R4F5,OGTT,2,2,0.6363636363636364
5,1,R5F1,HbA1c,0,0,0.9887005649717514
5,1,R5F1,HbA1c,0,1,0.4916387959866221
5,1,R5F1,HbA1c,0,2,0.23636363636363636
5,1,R5F1,HbA1c,1,0,0.005649717514124294
5,1,R5F1,HbA1c,1,1,0.5050167224080268
5,1,R5F1,HbA1c,1,2,0.3090909090909091
5,1,R5F1,HbA1c,2,0,0.005649717514124294
5,1,R5F1,HbA1c,2,1,0.0033444816053511705
5,1,R5F1,HbA1c,2,2,0.45454545454545453
5,1,R5F1,FPG,0,0,0.9887005649717514
5,1,R5F1,FPG,0,1,0.21739130434782608
5,1,R5F1,FPG,0,2,0.09090909090909091
5,1,R5F1,FPG,1,0,0.005649717514124294
5,1,R5F1,FPG,1,1,0.7792642140468228
5,1,R5F1,FPG,1,2,0.38181818181818183
5,1,R5F1,FPG,2,0,0.005649717514124294
5,1,R5F1,FPG,2,1,0.0033444816053511705
5,1,R5F1,FPG,2,2,0.5272727272727272
5,1,R5F1,OGTT,0,0,0.9887005649717514
5,1,R5F1,OGTT,0,1,0.6722408026755853
5,1,R5F1,OGTT,0,2,0.09090909090909091
5,1,R5F1,OGTT,1,0,0.005649717514124294
5,1,R5F1,OGTT,1,1,0.32441471571906355
5,1,R5F1,OGTT,1,2,0.09090909090909091
5,1,R5F1,OGTT,2,0,0.005649717514124294
5,1,R5F1,OGTT,2,1,0.0033444816053511705
5,1,R5F1,OGTT,2,2,0.8181818181818182
5,2,R5F2,HbA1c,0,0,0.9887005649717514
5,2,R5F2,HbA1c,0,1,0.5892255892255892
5,2,R5F2,HbA1c,0,2,0.2982456140350877
5,2,R5F2,HbA1c,1,0,0.005649717514124294
5,2,R5F2,HbA1c,1,1,0.4074074074074074
5,2,R5F2,HbA1c,1,2,0.543859649122807
5,2,R5F2,HbA1c,2,0,0.005649717514124294
5,2,R5F2,HbA1c,2,1,0.003367003367003367
5,2,R5F2,HbA1c,2,2,0.15789473684210525
5,2,R5F2,FPG,0,0,0.9887005649717514
5,2,R5F2,FPG,0,1,0.1447811447811448
5,2,R5F2,FPG,0,2,0.12280701754385964
5,2,R5F2,FPG,1,0,0.005649717514124294
5,2,R5F2,FPG,1,1,0.8518518518518519
5,2,R5F2,FPG,1,2,0.2982456140350877
5,2,R5F2,FPG,2,0,0.005649717514124294
5,2,R5F2,FPG,2,1,0.003367003367003367
5,2,R5F2,FPG,2,2,0.5789473684210527
5,2,R5F2,OGTT,0,0,0.9887005649717514
5,2,R5F2,OGTT,0,1,0.7171717171717171
5,2,R5F2,OGTT,0,2,0.15789473684210525
5,2,R5F2,OGTT,1,0,0.005649717514124294
5,2,R5F2,OGTT,1,1,0.27946127946127947
5,2,R5F2,OGTT,1,2,0.2631578947368421
5,2,R5F2,OGTT,2,0,0.005649717514124294
5,2,R5F2,OGTT,2,1,0.003367003367003367
5,2,R5F2,OGTT,2,2,0.5789473684210527
5,3,R5F3,HbA1c,0,0,0.9887005649717514
5,3,R5F3,HbA1c,0,1,0.5317725752508361
5,3,R5F3,HbA1c,0,2,0.16363636363636364
5,3,R5F3,HbA1c,1,0,0.005649717514124294
5,3,R5F3,HbA1c,1,1,0.46488294314381273
5,3,R5F3,HbA1c,1,2,0.4909090909090909
5,3,R5F3,HbA1c,2,0,0.005649717514124294
5,3,R5F3,HbA1c,2,1,0.0033444816053511705
5,3,R5F3,HbA1c,2,2,0.34545454545454546
5,3,R5F3,FPG,0,0,0.9887005649717514
5,3,R5F3,FPG,0,1,0.1705685618729097
5,3,R5F3,FPG,0,2,0.09090909090909091
5,3,R5F3,FPG,1,0,0.005649717514124294
5,3,R5F3,FPG,1,1,0.8260869565217391
5,3,R5F3,FPG,1,2,0.2727272727272727
5,3,R5F3,FPG,2,0,0.005649717514124294
5,3,R5F3,FPG,2,1,0.0033444816053511705
5,3,R5F3,FPG,2,2,0.6363636363636364
5,3,R5F3,OGTT,0,0,0.9887005649717514
5,3,R5F3,OGTT,0,1,0.7123745819397993
5,3,R5F3,OGTT,0,2,0.12727272727272726
5,3,R5F3,OGTT,1,0,0.005649717514124294
5,3,R5F3,OGTT,1,1,0.2842809364548495
5,3,R5F3,OGTT,1,2,0.23636363636363636
5,3,R5F3,OGTT,2,0,0.005649717514124294
5,3,R5F3,OGTT,2,1,0.0033444816053511705
5,3,R5F3,OGTT,2,2,0.6363636363636364
5,4,R5F4,HbA1c,0,0,0.9887005649717514
5,4,R5F4,HbA1c,0,1,0.5852842809364549
5,4,R5F4,HbA1c,0,2,0.2
5,4,R5F4,HbA1c,1,0,0.005649717514124294
5,4,R5F4,HbA1c,1,1,0.411371237458194
5,4,R5F4,HbA1c,1,2,0.5272727272727272
5,4,R5F4,HbA1c,2,0,0.005649717514124294
5,4,R5F4,HbA1c,2,1,0.0033444816053511705
5,4,R5F4,HbA1c,2,2,0.2727272727272727
5,4,R5F4,FPG,0,0,0.9887005649717514
5,4,R5F4,FPG,0,1,0.13043478260869565
5,4,R5F4,FPG,0,2,0.05454545454545454
5,4,R5F4,FPG,1,0,0.005649717514124294
5,4,R5F4,FPG,1,1,0.8662207357859532
5,4,R5F4,FPG,1,2,0.38181818181818183
5,4,R5F4,FPG,2,0,0.005649717514124294
5,4,R5F4,FPG,2,1,0.0033444816053511705
5,4,R5F4,FPG,2,2,0.5636363636363636
5,4,R5F4,OGTT,0,0,0.9887005649717514
5,4,R5F4,OGTT,0,1,0.725752508361204
5,4,R5F4,OGTT,0,2,0.01818181818181818
5,4,R5F4,OGTT,1,0,0.005649717514124294
5,4,R5F4,OGTT,1,1,0.2709030100334448
5,4,R5F4,OGTT,1,2,0.23636363636363636
5,4,R5F4,OGTT,2,0,0.005649717514124294
5,4,R5F4,OGTT,2,1,0.0033444816053511705
5,4,R5F4,OGTT,2,2,0.7454545454545455
5,5,R5F5,HbA1c,0,0,0.9887005649717514
5,5,R5F5,HbA1c,0,1,0.4983277591973244
5,5,R5F5,HbA1c,0,2,0.16363636363636364
5,5,R5F5,HbA1c,1,0,0.005649717514124294
5,5,R5F5,HbA1c,1,1,0.4983277591973244
5,5,R5F5,HbA1c,1,2,0.5272727272727272
5,5,R5F5,HbA1c,2,0,0.005649717514124294
5,5,R5F5,HbA1c,2,1,0.0033444816053511705
5,5,R5F5,HbA1c,2,2,0.3090909090909091
5,5,R5F5,FPG,0,0,0.9887005649717514
5,5,R5F5,FPG,0,1,0.14381270903010032
5,5,R5F5,FPG,0,2,0.05454545454545454
5,5,R5F5,FPG,1,0,0.005649717514124294
5,5,R5F5,FPG,1,1,0.8528428093645485
5,5,R5F5,FPG,1,2,0.45454545454545453
5,5,R5F5,FPG,2,0,0.005649717514124294
5,5,R5F5,FPG,2,1,0.0033444816053511705
5,5,R5F5,FPG,2,2,0.4909090909090909
5,5,R5F5,OGTT,0,0,0.9887005649717514
5,5,R5F5,OGTT,0,1,0.68561872909699
5,5,R5F5,OGTT,0,2,0.09090909090909091
5,5,R5F5,OGTT,1,0,0.005649717514124294
5,5,R5F5,OGTT,1,1,0.3110367892976589
5,5,R5F5,OGTT,1,2,0.2
5,5,R5F5,OGTT,2,0,0.005649717514124294
5,5,R5F5,OGTT,2,1,0.0033444816053511705
5,5,R5F5,OGTT,2,2,0.7090909090909091
